Wavelength (nm),Fe I (1.5e-1),Fe II (8.5e-1),Fe III (1.1e-4)
200.0047,,,1.167e-5
200.037732,,4.768e+2,
200.11662,,,6.217e-5
200.13638,,,6.917e-6
200.1488,,,2.472e-6
200.18307,,,1.471e-5
200.2475,,,1.224e-6
200.25932,,,3.511e-6
200.34963,,,2.434e-6
200.35032,,,2.279e-4
200.49451,,,1.679e-5
200.50899,,,1.063e-4
200.54576,,,1.560e-5
200.5714,,,1.315e-5
200.62691,,,5.595e-5
200.701387,,4.320e+1,
200.78602,,,1.813e-4
200.8474,,,1.065e-4
201.069688,,3.117e+2,
201.07297,,,2.366e-6
201.15455,,,2.883e-5
201.18949,,,1.264e-5
201.26824,,,3.186e-5
201.44222,,,1.957e-6
201.4797,,,7.780e-6
201.50732,,,1.620e-5
201.548736,,1.912e+2,
201.67096,,,8.664e-6
201.7299,,,9.046e-6
201.85766,,,1.132e-5
201.877724,,3.197e+2,
202.075101,,2.126e+2,
202.20394,,,2.456e-6
202.32993,,,1.473e-5
202.52901,,,1.914e-6
202.55023,,,4.341e-6
202.557,,,2.178e-5
202.60475,,,3.350e-5
202.8564,,,1.899e-8
202.95319,,,8.115e-6
203.0773,,,1.512e-6
203.240945,,2.691e+2,
203.43052,,,1.380e-5
203.45529,,,4.891e-6
203.47078,,,2.519e-5
203.51026,,,4.321e-6
203.51726,,,9.609e-6
203.53715,,,5.664e-6
203.59378,,,3.397e-5
203.60262,,,6.304e-6
203.643626,,1.423e+2,
203.68551,,,2.621e-5
203.71544,,,1.704e-5
203.73035,,,3.047e-5
203.80998,,,3.257e-5
203.89172,,,2.621e-5
203.9522,,,3.199e-5
204.04114,,,2.955e-5
204.05476,,,1.398e-5
204.068999,,5.089e+2,
204.0773,,,2.678e-5
204.34879,,,3.123e-6
204.4041,,,1.477e-5
204.43137,,,5.503e-5
204.45496,,,2.075e-6
204.4977,,,8.178e-5
204.5841,,,2.223e-5
204.71307,,,1.512e-6
204.9398,,,5.080e-5
205.103385,,3.146e+2,
205.44938,,,3.060e-6
205.526768,,1.505e+2,
205.58701,,,3.172e-5
205.61636,,,1.543e-4
205.70653,,,9.553e-5
205.794,,,6.772e-6
205.857,,,1.646e-4
205.96909,,,1.575e-4
206.156,,,1.539e-2
206.1762,,,2.351e-4
206.20878,,,3.664e-6
206.36773,,1.819e+2,
206.4987,,,9.424e-8
206.5277,,,3.614e-8
206.52774,,,1.824e-6
206.5486,,,9.636e-9
206.60082,,7.158e+1,
206.73145,,,1.848e-5
206.791357,,1.359e+2,
206.799901,,4.303e-1,
206.8252,,,2.469e-2
206.98179,,,1.340e-6
207.033359,,2.811e+1,
207.0553,,,8.449e-5
207.2248,,,9.558e-9
207.42394,,,2.128e-6
207.63317,,,1.411e-6
207.8993,,,3.508e-2
207.9296,,,9.409e-7
208.0229,,,1.344e-6
208.024306,,1.337e+2,
208.23824,,,1.244e-6
208.3119,,,2.532e-8
208.3547,,,1.576e-5
208.4017,,,1.616e-8
208.423,,,6.156e-9
208.4366,,,5.515e-4
208.45251,,,2.690e-5
208.4536,,,8.465e-9
208.58462,,,3.042e-6
208.592143,,3.777e-1,
208.71454,,,1.591e-4
208.754134,,2.526e+2,
208.7915,,,5.448e-5
208.86357,,,3.015e-5
209.0142,,,2.134e-5
209.01521,,,6.867e-4
209.02556,,,1.161e-4
209.1323,,,7.623e-5
209.1479,,,2.494e-6
209.1672,,,9.990e-9
209.201272,,4.237e-1,
209.260232,,4.604e-1,
209.29539,,,1.321e-5
209.362555,,2.730e+1,
209.56886,,,2.870e-6
209.64367,,,3.977e-5
209.7494,,,9.680e-4
209.77047,,,5.916e-4
209.78671,,,2.719e-6
209.88265,,,1.310e-6
209.95473,,,8.083e-7
210.016556,,3.097e-1,
210.109735,,7.203e-1,
210.121952,,3.734e-1,
210.273186,,8.849e-1,
210.424004,,4.217e-1,
210.458513,,5.682e-1,
210.50274,,,4.096e-6
210.6357,,,6.508e-7
210.7336,,,3.545e-4
210.7553,,4.873e+1,
210.86821,,,5.613e-6
210.910264,,5.810e+1,
211.030757,,2.555e+0,
211.073425,,1.064e+2,
211.33504,,,3.320e-6
211.39096,,,4.668e-6
211.6598,,,4.756e-5
211.69912,,6.810e+1,
211.85714,,,3.347e-5
212.35999,,,8.313e-6
212.516826,,2.713e+0,
212.797197,,1.961e+1,
212.96872,,,1.089e-6
213.054886,,4.709e+1,
213.201699,2.042e+2,,
213.258234,,3.446e-1,
213.4867,,,1.768e-5
213.561344,,5.014e-1,
213.650854,,4.273e+1,
213.7383,,,4.260e-5
214.34802,,,5.180e-5
214.4295,,,4.858e-5
214.605,,,1.451e-5
214.6096,,,3.005e-5
214.770306,,6.585e+1,
215.062078,,1.554e+2,
215.17887,,,3.089e-5
215.84741,,,5.746e-6
216.115994,,6.390e+1,
216.202234,,4.111e+2,
216.348475,,4.994e-1,
216.671418,,4.030e+1,
216.677326,6.289e+3,,
216.787783,,4.764e+1,
216.86704,,5.538e-1,
217.153838,,6.768e-1,
217.46672,,,1.550e-4
217.484726,,5.602e+1,
217.545306,,2.542e+2,
217.650054,,2.787e+1,
218.370458,,8.793e-1,
218.38334,,2.691e+1,
218.729708,,7.255e+0,
219.183908,1.946e+3,,
219.198278,,4.051e+1,
219.604199,1.152e+3,,
219.866254,,3.196e+1,
220.028324,,3.043e+1,
220.038993,8.541e+2,,
220.072429,4.541e+2,,
220.141248,,1.339e+1,
220.158613,,4.174e+1,
220.608151,,5.435e+1,
220.614748,,7.350e+1,
220.840556,,1.154e+2,
220.88669,,,1.296e-5
220.903187,,7.389e+1,
221.365294,,4.070e+2,
221.403688,,8.604e+1,
221.507514,,6.709e+1,
221.57001,,4.109e+1,
221.82592,,1.140e+2,
221.989359,,2.519e+2,
222.037805,,5.165e+2,
222.042998,,2.191e+1,
222.116421,,2.147e+2,
222.267241,,1.677e+1,
222.348573,,2.037e+2,
222.383483,,1.162e+1,
222.45957,,9.717e-1,
222.718176,,5.019e+1,
222.743213,,2.236e+1,
222.845473,,4.875e+0,
222.873216,,9.251e+1,
222.9258,,,1.196e-6
222.971494,,4.729e-1,
223.14924,,4.732e+1,
223.178491,,7.114e-1,
223.185631,,4.802e-1,
223.312861,,1.050e+0,
223.391749,,3.987e+2,
223.488428,,7.357e-1,
223.56808,,1.116e+0,
223.635694,,4.611e-1,
223.744349,,4.793e-1,
223.756757,,5.122e+1,
223.789845,,3.770e+1,
223.8153,,,2.015e-6
223.827336,,6.219e+0,
223.834438,,4.271e-1,
223.85677,,6.411e-1,
223.86312,,7.889e+0,
223.903747,,7.125e+1,
224.116128,,6.390e-1,
224.134958,,8.288e-1,
224.141907,,5.251e+1,
224.15589,,,5.819e-6
224.187725,,5.706e+0,
224.308141,,5.579e+0,
224.326465,,1.899e+0,
224.407652,,3.279e+0,
224.420686,,2.677e+1,
224.439279,,5.550e+0,
224.549894,,2.054e+2,
224.668274,,2.062e+0,
224.691318,,8.851e+1,
224.76837,,1.891e+2,
224.793059,,1.303e+0,
224.891836,,1.954e+0,
224.90584,,1.249e+2,
224.905934,,4.611e+1,
224.91984,,7.846e+1,
225.087654,,6.549e-1,
225.182274,,4.347e+2,
225.407251,,2.082e+1,
225.414453,,4.344e-1,
225.420218,,1.124e+0,
225.514042,,2.178e+0,
225.563449,,3.572e+0,
225.568706,,1.868e+2,
225.576584,,2.079e+2,
225.583454,,5.313e-1,
225.689093,,3.701e+1,
225.709065,,2.566e+0,
225.75531,,8.034e-1,
225.778233,,7.714e+1,
225.859497,,3.297e-1,
225.886481,,6.029e-1,
225.922433,,4.667e-1,
225.9234,,,4.874e-11
225.951006,2.722e+2,,
225.962471,,2.271e+1,
226.120628,,4.523e-1,
226.182984,,9.255e-1,
226.2058,,,1.010e-10
226.323226,,1.442e+2,
226.4209,,,8.273e-11
226.4466,,,6.439e-11
226.459018,,1.857e+2,
226.670615,,6.195e-1,
226.803748,,4.192e-1,
226.847019,,9.023e-1,
227.03706,,4.626e+0,
227.111766,,3.833e-1,
227.2544,,,1.604e-10
227.395841,,1.291e+0,
227.40632,,2.908e+0,
227.41847,,7.552e-1,
227.602564,4.007e+2,,
227.607451,,1.069e+0,
227.696471,,5.423e-1,
227.971285,,2.317e+0,
227.991467,,9.681e+2,
228.065044,,2.133e+0,
228.276698,,1.867e+0,
228.359241,,1.319e+0,
228.369972,,3.607e+0,
228.399634,,1.053e+2,
228.408535,2.844e+2,,
228.487684,,1.256e+0,
228.705032,,8.398e-1,
228.724949,2.855e+2,,
228.782093,,1.284e+0,
228.835688,,2.164e+0,
228.866265,,5.668e+0,
228.896667,,5.537e-1,
229.199877,,8.398e-1,
229.282826,,1.004e+0,
229.3074,,,4.381e-7
229.460976,,9.917e+1,
229.58698,,,6.294e-6
229.609648,,1.886e+1,
229.689125,,8.140e-1,
229.778687,4.616e+2,,
229.816882,1.353e+3,,
229.822219,,7.551e+1,
229.844678,,6.078e-1,
229.972306,,7.630e-1,
229.975285,,5.279e-1,
230.03134,,5.641e-1,
230.062481,,5.078e-1,
230.156739,,6.060e-1,
230.189885,,5.289e-1,
230.384272,,3.482e+0,
230.40649,,7.576e-1,
230.473532,,1.027e+2,
230.490484,,1.042e+1,
230.59673,,3.713e+0,
230.636987,,3.128e+0,
230.645012,,4.667e-1,
230.666908,,5.139e+0,
230.731295,,3.627e+1,
230.772,,3.782e+0,
230.79186,,4.978e-1,
230.829587,,2.809e+0,
230.87676,,2.403e+1,
230.89303,,4.445e+0,
230.946914,,2.878e+0,
230.955313,,3.076e-1,
231.016577,,1.556e+0,
231.025964,,6.912e-1,
231.122482,,5.336e+1,
231.128724,,1.098e+1,
231.12892,,1.686e+1,
231.219214,,1.063e+0,
231.2315,,1.514e+0,
231.239844,,4.243e+0,
231.261126,,2.266e+0,
231.26523,,2.816e+0,
231.310413,3.782e+2,,
231.326166,,5.188e-1,
231.330053,,3.374e+1,
231.394039,,3.987e+0,
231.40562,,5.186e+0,
231.461336,,7.868e-1,
231.553535,,1.293e+0,
231.572932,,4.585e+0,
231.578045,,9.019e-1,
231.582519,,1.159e+0,
231.651225,,2.017e+0,
231.69114,,1.672e+0,
231.700549,,9.685e-1,
231.702401,,5.902e-1,
231.706035,,4.959e+0,
231.735119,,6.068e+0,
231.759565,,9.793e-1,
231.815016,,5.458e+0,
231.831838,,1.003e+0,
231.900799,,8.627e-1,
231.9236,,,1.446e-5
231.945628,,1.178e+0,
231.968961,,1.368e+0,
231.981176,,9.032e-1,
232.003477,,4.694e+0,
232.015884,,1.332e+0,
232.035752,6.176e+2,,
232.040492,,5.294e-1,
232.124291,,1.587e+0,
232.129331,,6.766e-1,
232.149391,,9.692e-1,
232.168942,,9.768e+1,
232.175553,,6.335e+0,
232.226881,,6.915e-1,
232.266304,,1.208e+0,
232.294102,,1.223e+1,
232.327051,,9.389e-1,
232.408205,,8.611e-1,
232.457906,,3.809e-1,
232.48158,,1.257e+0,
232.503161,,8.925e-1,
232.503556,,4.601e+0,
232.529317,,7.682e+0,
232.571478,,1.750e+1,
232.580906,,6.104e+0,
232.583117,,6.537e-1,
232.622115,,1.548e+1,
232.63607,,1.737e+1,
232.676944,,6.760e+0,
232.681022,,1.065e+1,
232.6938,,,1.794e-6
232.739541,,6.217e+3,
232.748923,,6.991e-1,
232.761301,,2.165e+0,
232.78751,,2.408e+1,
232.787607,,5.244e+0,
232.796081,,7.032e+1,
232.853981,,1.769e+0,
232.874822,,3.356e+0,
232.933815,,3.857e+0,
232.93619,,1.961e+1,
232.952097,,3.108e+0,
232.970291,,6.225e-1,
232.9925,,,8.183e-6
232.999213,,1.085e+1,
233.067136,,1.189e+0,
233.105546,,4.121e+0,
233.111243,,9.979e+0,
233.130809,,5.072e+3,
233.154479,,1.273e+0,
233.197444,,2.737e+1,
233.207628,,8.171e-1,
233.224104,,1.185e+1,
233.279874,,1.956e+4,
233.323203,,1.239e+0,
233.34658,,7.145e-1,
233.370814,,5.130e+1,
233.37827,,2.734e+0,
233.39519,,1.421e+0,
233.412286,,8.575e+0,
233.432083,,6.353e-1,
233.447871,,4.662e+0,
233.472734,,6.917e-1,
233.475275,,4.359e-1,
233.493796,,6.860e-1,
233.502501,,5.551e-1,
233.510808,,3.731e-1,
233.570183,,4.596e+0,
233.629823,,1.860e+0,
233.652929,,5.856e-1,
233.682353,,1.531e+1,
233.725207,,6.140e-1,
233.73782,,3.916e-1,
233.743428,,3.293e+0,
233.752387,,9.272e+0,
233.765457,,1.674e+0,
233.776074,,6.005e+0,
233.795905,,5.387e-1,
233.800655,,1.064e+4,
233.891933,,8.689e-1,
233.8975,,,2.713e-5
233.940765,,1.366e+2,
233.988237,,7.820e+0,
234.03555,,1.732e+1,
234.046246,,1.126e+2,
234.05949,,6.958e-1,
234.117466,,1.130e+1,
234.145226,,5.597e+0,
234.164824,,4.505e+0,
234.177605,,7.489e-1,
234.180239,,1.129e+0,
234.230799,,5.203e+0,
234.277038,,8.390e-1,
234.288806,,1.681e+0,
234.330744,,2.056e+1,
234.349481,,3.744e+4,
234.396077,,3.583e+3,
234.399793,,6.951e-1,
234.415459,,5.509e+0,
234.428128,,8.732e+3,
234.446308,,8.441e-1,
234.46028,,2.869e+0,
234.498424,,5.291e+0,
234.533693,,1.112e+3,
234.53641,,5.524e-1,
234.592712,,4.112e-1,
234.595829,,8.845e-1,
234.626874,,2.271e+1,
234.629528,,1.804e+0,
234.63541,,5.196e+0,
234.661662,,9.205e+0,
234.668118,,9.197e+0,
234.713285,,2.272e+0,
234.741119,,2.559e+0,
234.746693,,7.918e-1,
234.77786,,4.339e-1,
234.811561,,1.087e+4,
234.814629,,1.218e+0,
234.830215,,1.717e+4,
234.867434,,6.478e-1,
234.926883,,9.940e+0,
235.001631,,4.227e+0,
235.017812,,4.706e+1,
235.024665,,3.842e+0,
235.051751,,9.663e+0,
235.120071,,9.048e+2,
235.166673,,6.673e+1,
235.1802,,5.738e+0,
235.195675,,5.938e+0,
235.199975,,2.011e+0,
235.23091,,1.073e+2,
235.302355,,1.385e+0,
235.346963,,2.708e+1,
235.360766,,2.303e+0,
235.36784,,6.551e+1,
235.437354,,4.750e+0,
235.442916,,4.146e-1,
235.447758,,8.036e+2,
235.48898,,1.977e+3,
235.52158,,2.438e+2,
235.535023,,1.668e+2,
235.546213,,5.879e-1,
235.577838,,1.292e+0,
235.583823,,3.771e+0,
235.588092,,7.491e-1,
235.59284,,6.907e-1,
235.658861,,4.869e-1,
235.678708,,6.043e-1,
235.687565,,7.868e-1,
235.700312,,1.719e+2,
235.704849,,5.950e+1,
235.726866,,2.022e+0,
235.785354,,2.244e+0,
235.851617,,3.762e+0,
235.880129,,8.492e-1,
235.895281,,2.322e+0,
235.90245,,5.776e+0,
235.910519,,7.465e+3,
235.913209,,9.016e+2,
235.915173,,4.455e+0,
235.959562,,2.890e+2,
235.990517,,3.379e+0,
235.994412,,5.948e-1,
235.999939,,7.740e+3,
236.005399,,6.778e+0,
236.029423,,7.407e+3,
236.041015,,5.443e+0,
236.051098,,2.543e+1,
236.053102,,1.123e+1,
236.100937,,2.892e+0,
236.111153,,6.523e-1,
236.126837,,1.263e+0,
236.172484,,2.381e+2,
236.202138,,2.256e+3,
236.253575,,9.211e-1,
236.269764,,6.355e-1,
236.309538,,5.208e+0,
236.312007,,9.202e-1,
236.3296,,2.313e+0,
236.350029,,4.660e+1,
236.381056,,1.334e+2,
236.386088,,3.428e+2,
236.387816,,3.043e+1,
236.431065,,4.601e+0,
236.470994,,4.217e+0,
236.482785,,1.277e+4,
236.490765,,2.353e+0,
236.502067,,4.159e+0,
236.504971,,2.899e+0,
236.524322,,5.574e-1,
236.529354,,2.999e+0,
236.532035,,5.536e+0,
236.576239,,7.290e+1,
236.5766,,1.093e+1,
236.631858,,3.178e-1,
236.632122,,7.985e-1,
236.642928,,3.808e+0,
236.659348,,1.156e+3,
236.688818,,1.385e+0,
236.805715,,2.342e+0,
236.838066,,9.586e-1,
236.859599,,4.649e+3,
236.892879,,2.058e+0,
236.966052,,4.808e-1,
236.972704,,1.271e+1,
236.977748,,1.175e+0,
236.980878,,6.315e-1,
236.987929,,6.885e-1,
236.991468,,1.593e+0,
236.995317,,4.734e+2,
237.012889,,7.755e+0,
237.018261,,1.541e+0,
237.049866,,1.281e+3,
237.069813,,2.436e+0,
237.080012,,1.549e+0,
237.094115,,5.827e+0,
237.117506,,5.034e-1,
237.174182,,4.878e+0,
237.263287,,1.761e+2,
237.28071,,3.557e+0,
237.30523,,6.836e-1,
237.33787,,4.089e-1,
237.343652,,8.637e-1,
237.360959,,9.198e+0,
237.373534,,1.243e+4,
237.407078,,6.941e-1,
237.420859,,1.882e+0,
237.439114,,8.811e+0,
237.465314,,8.107e+0,
237.487396,,8.965e+0,
237.499572,,1.895e+0,
237.507038,,1.462e+0,
237.51381,,6.989e+0,
237.519365,,3.672e+3,
237.54741,,1.500e+0,
237.610629,,3.573e+0,
237.642916,,6.221e+2,
237.6715,,,2.728e-6
237.675775,,3.430e+0,
237.727104,,3.159e-1,
237.746169,,2.382e+0,
237.812606,,3.469e+0,
237.852274,,7.954e+1,
237.853897,,5.158e-1,
237.855337,,9.133e+0,
237.86969,,7.536e+0,
237.882028,,3.752e+0,
237.896889,,3.917e+0,
237.900235,,1.217e+2,
237.914193,,5.045e+1,
237.916973,,2.991e+1,
237.920461,,8.038e-1,
237.927624,,4.566e+3,
237.930926,,4.433e+1,
237.935865,,1.802e+0,
237.942084,,7.949e+0,
237.942214,,2.425e+0,
237.950591,,3.240e+0,
237.969114,,1.209e+0,
237.979981,,1.199e+0,
238.015152,,7.107e-1,
238.020491,,1.321e+1,
238.050403,,1.835e+0,
238.067277,,1.198e+1,
238.076128,,6.709e+3,
238.087506,,3.814e+0,
238.090489,,9.322e-1,
238.19581,,2.798e+1,
238.203729,,1.122e+5,
238.216421,,2.939e+0,
238.242361,,6.667e-1,
238.249227,,6.446e+0,
238.257245,,1.004e+0,
238.264821,,4.970e-1,
238.289693,,3.574e+2,
238.306018,,1.599e+3,
238.311729,,1.777e+0,
238.314405,,6.982e-1,
238.319814,,4.034e+0,
238.324494,,4.289e+3,
238.353841,,3.252e-1,
238.431593,,8.499e-1,
238.438765,,2.455e+3,
238.44228,,2.006e+1,
238.451915,,4.505e+0,
238.46427,,6.474e-1,
238.485855,,1.325e+0,
238.509385,,1.901e+0,
238.560784,,5.045e-1,
238.586538,,6.003e-1,
238.600325,,1.167e+0,
238.6374,,6.936e+1,
238.646357,,1.055e+0,
238.708383,,1.295e+0,
238.736719,,8.100e+1,
238.743475,,8.188e+1,
238.764205,,7.114e+0,
238.822624,,1.898e+2,
238.824699,,1.403e+0,
238.834205,,8.640e-1,
238.838783,,3.667e+2,
238.862859,,2.415e+4,
238.862883,,6.587e-1,
238.898807,,4.893e+0,
238.943869,,6.181e+0,
238.953,,,6.740e-6
239.009679,,3.377e+1,
239.075748,,3.368e+1,
239.077207,,1.076e+0,
239.167917,,6.969e-1,
239.172008,,6.053e-1,
239.195845,,1.116e+0,
239.208896,,6.469e+0,
239.212267,,9.542e-1,
239.214906,,1.357e+0,
239.257923,,4.089e+0,
239.334209,,1.282e+0,
239.402705,,7.620e-1,
239.483283,,3.451e+0,
239.488912,,1.480e+2,
239.541911,,2.998e+3,
239.549425,,2.743e+0,
239.554557,,2.246e+0,
239.562498,,7.578e+4,
239.610101,,6.988e+0,
239.671917,,1.893e+2,
239.701728,,1.211e+0,
239.726665,,2.685e+0,
239.864913,,9.967e+1,
239.908157,,8.133e-1,
239.915115,,4.234e+1,
239.924104,,2.364e+4,
239.92665,,2.852e+1,
239.942927,,5.946e-1,
239.95065,,2.325e+1,
239.979552,,2.033e+0,
240.004984,,2.403e+1,
240.027817,,1.341e+2,
240.034394,,5.675e+2,
240.129154,,7.448e+1,
240.170423,,3.991e-1,
240.189466,,5.341e-1,
240.208144,,7.251e+1,
240.22719,,3.230e+1,
240.239312,,6.593e-1,
240.244612,,4.210e+1,
240.263254,,4.400e+1,
240.270985,,2.935e+0,
240.3557,,,3.101e-6
240.376283,,6.989e+0,
240.39439,,5.038e-1,
240.397055,,2.988e+0,
240.406103,,1.382e+0,
240.443046,,3.596e+3,
240.48854,,4.508e+4,
240.499369,,9.602e+1,
240.502227,,8.578e-1,
240.568265,,6.073e+1,
240.583154,,6.245e+0,
240.6421,,,8.163e-8
240.666098,,1.808e+4,
240.675456,,5.359e-1,
240.697536,,1.161e+1,
240.699257,,2.067e+2,
240.740896,,6.609e-1,
240.775189,,1.410e+1,
240.864815,,5.476e+1,
240.877437,,7.849e+0,
240.929612,,4.666e-1,
240.953516,,5.779e+0,
240.985883,,1.172e+1,
241.02123,,1.506e+1,
241.026938,,4.451e+1,
241.051889,,2.636e+4,
241.054375,,1.763e+0,
241.098328,,1.917e+0,
241.106724,,1.323e+4,
241.16775,,5.359e+0,
241.180768,,1.647e+1,
241.200755,,8.396e+0,
241.225996,,1.638e+0,
241.243758,,1.982e+1,
241.331009,,1.145e+4,
241.349561,,1.700e+1,
241.367167,,2.983e+0,
241.399319,,2.133e+1,
241.4218,,3.922e+0,
241.506788,,1.478e+2,
241.536129,,9.693e+0,
241.608017,,5.652e+0,
241.64452,,1.223e+2,
241.671562,,3.477e+1,
241.782031,,1.053e+2,
241.787036,,8.565e+2,
241.810057,,4.667e-1,
241.822149,,3.011e-1,
241.843655,,8.985e+1,
241.866488,,7.290e+0,
241.900365,,2.140e+0,
241.993137,,6.246e-1,
241.998818,,4.663e+1,
242.10402,,6.913e-1,
242.181733,,4.958e-1,
242.194507,,1.271e+0,
242.268795,,4.185e+2,
242.278537,,1.016e+0,
242.321014,,3.024e+2,
242.349922,,3.915e+0,
242.414529,,3.368e+3,
242.42042,,9.402e-1,
242.43896,,2.123e+2,
242.459274,,2.679e+2,
242.477695,,5.635e-1,
242.536333,,8.092e+1,
242.563758,,8.093e+0,
242.568541,,1.554e+2,
242.60774,,4.958e+0,
242.61934,,1.336e+0,
242.705457,,1.702e+1,
242.719984,,7.998e+0,
242.72296,,1.985e+0,
242.728356,,2.626e+1,
242.82918,,2.293e+2,
242.836353,,9.605e+2,
242.845699,,5.801e-1,
242.855416,,1.068e+0,
242.879983,,2.015e+2,
242.89684,,1.636e+1,
242.903576,,1.796e+2,
242.915384,,7.529e+1,
242.938632,,3.998e+2,
242.98481,,8.631e+0,
242.986156,,1.424e+0,
243.007804,,2.400e+3,
243.08385,,2.807e+0,
243.088058,,2.716e+1,
243.099808,,1.148e+1,
243.12447,,1.011e+1,
243.182835,,2.562e+0,
243.203199,,6.912e-1,
243.22609,,1.558e+3,
243.236434,,1.101e+0,
243.270008,,2.845e+1,
243.279121,,3.027e+1,
243.287285,,1.187e+3,
243.304112,,1.638e+1,
243.343525,,2.438e+1,
243.349859,,2.360e+2,
243.358123,,3.658e+1,
243.405875,,3.331e+1,
243.405937,,1.216e+0,
243.423727,,1.459e+2,
243.46206,,5.836e-1,
243.46493,,1.924e+2,
243.4729,,9.921e+2,
243.481658,,1.086e+1,
243.490205,,4.565e+1,
243.495157,,1.027e+3,
243.499822,,1.175e+2,
243.621988,,7.346e+1,
243.662163,,1.451e+2,
243.69969,,4.173e+1,
243.6999,,1.607e+1,
243.710385,,9.656e+0,
243.716238,,8.255e+1,
243.720356,,6.788e+1,
243.73337,,9.043e+0,
243.765196,,3.962e+1,
243.818221,1.640e+2,,
243.9055,,1.169e+0,
243.930113,,2.775e+3,
243.974488,1.924e+3,,
243.986829,,1.758e+1,
244.0424,,3.532e+2,
244.04432,,1.744e+0,
244.058596,,2.393e+0,
244.112927,,5.265e+1,
244.164606,,8.947e-1,
244.213245,,1.162e+0,
244.237572,,9.992e+0,
244.256819,1.430e+3,,
244.306241,,6.178e-1,
244.370981,,4.203e+0,
244.383347,,1.295e+1,
244.387166,1.688e+2,,
244.427989,,3.098e+1,
244.45151,,3.850e+3,
244.454777,,6.245e+0,
244.489664,,1.133e+0,
244.510594,,2.006e+2,
244.511349,,6.306e-1,
244.557287,,1.871e+3,
244.579546,,2.807e+2,
244.594523,,4.231e-1,
244.611029,,3.173e+2,
244.632143,,4.070e-1,
244.640777,,8.086e+1,
244.647114,,6.701e+2,
244.720395,,2.624e+2,
244.732687,,1.985e+2,
244.7377,,,1.825e-6
244.775478,,6.025e+2,
244.81147,,8.084e+0,
244.970743,,7.451e-1,
244.996514,,1.906e+2,
245.003184,,6.564e+1,
245.013838,,1.454e+1,
245.02052,,1.936e+2,
245.028292,,2.594e+1,
245.121675,,1.031e+2,
245.213902,,7.149e-1,
245.219978,,1.226e+1,
245.315467,,6.178e+1,
245.347592,3.306e+2,,
245.356823,6.841e+1,,
245.37472,,1.779e+1,
245.379717,,2.033e+2,
245.391547,,1.284e+1,
245.397559,,7.707e+1,
245.457647,,4.349e+2,
245.458409,,1.301e+2,
245.569105,,1.081e+0,
245.571053,,4.567e+1,
245.589794,,6.910e+1,
245.6642,,5.623e+1,
245.682095,,8.825e+1,
245.696569,,3.406e+0,
245.710169,,4.853e+0,
245.73395,,3.105e+0,
245.758018,,5.019e+1,
245.75968,1.425e+3,,
245.835894,,5.384e-1,
245.878349,,2.424e+3,
245.897303,,3.912e+2,
245.928063,,7.402e+0,
246.015419,,2.202e+1,
246.044008,,3.986e+2,
246.06504,,3.817e+1,
246.128326,,1.588e+3,
246.166967,,1.144e+2,
246.186075,,2.087e+3,
246.218086,3.828e+2,,
246.231822,,2.991e+1,
246.264707,3.895e+3,,
246.3281,,6.626e+2,
246.373043,1.996e+2,,
246.390275,,2.925e+1,
246.400948,,9.350e+2,
246.455817,,6.104e+0,
246.490512,,7.600e+2,
246.514911,1.006e+3,,
246.519992,,7.765e+2,
246.587725,,1.587e+0,
246.591339,,8.428e+2,
246.649743,,3.679e+1,
246.667095,,6.912e+2,
246.676682,,1.773e+2,
246.6819,,9.539e+2,
246.698489,,5.346e-1,
246.774117,,2.328e+1,
246.829792,,1.644e+2,
246.887968,7.301e+2,,
246.951448,,6.125e+2,
246.971512,,1.707e+1,
246.983146,,5.761e+1,
247.040882,,3.122e+2,
247.06691,,1.280e+3,
247.076496,,1.624e+2,
247.087894,,3.205e+0,
247.127562,,2.099e+1,
247.233614,2.517e+2,,
247.235118,2.613e+2,,
247.242804,,4.312e+2,
247.260515,,1.894e+2,
247.26506,,4.095e-1,
247.287203,4.314e+2,,
247.289473,6.496e+3,,
247.303024,,3.989e+1,
247.332105,,7.975e+2,
247.346048,,3.649e+0,
247.405349,,3.082e+0,
247.420916,,7.250e-1,
247.448899,,2.471e+0,
247.45195,,1.926e+0,
247.47651,,6.871e+2,
247.481423,1.072e+3,,
247.511681,,1.223e+2,
247.511798,,4.192e-1,
247.554128,,1.438e+2,
247.626389,,1.644e+2,
247.665658,2.213e+2,,
247.734336,,2.242e+2,
247.790658,,8.368e-1,
247.811309,,9.648e+1,
247.857199,,7.563e+2,
247.92301,,2.225e+1,
247.948014,2.556e+2,,
247.977624,6.055e+3,,
248.015733,,1.801e+3,
248.095101,,1.454e+0,
248.104922,,1.574e+2,
248.157764,,4.893e+1,
248.211711,,1.621e+3,
248.23258,,1.378e+2,
248.265731,,1.221e+3,
248.26755,,1.453e+1,
248.286663,,4.056e+1,
248.327095,4.101e+4,,
248.337126,,1.829e+0,
248.353328,2.568e+2,,
248.365792,,1.121e+0,
248.372344,,1.651e+2,
248.418719,4.643e+3,,
248.424497,,7.277e+2,
248.4442,,1.092e+2,
248.471062,,6.941e-1,
248.48093,,1.499e+0,
248.635096,,1.437e+3,
248.669182,3.400e+2,,
248.706582,4.643e+2,,
248.814253,2.797e+4,,
248.831985,,1.516e+1,
248.8353,,2.080e+1,
248.948035,,1.686e+0,
248.948409,,1.081e+3,
248.975218,4.746e+3,,
248.982965,,2.312e+3,
249.06441,1.719e+4,,
249.071263,,5.398e+2,
249.085808,,1.022e+3,
249.11548,1.013e+4,,
249.123456,,2.369e+1,
249.13962,,7.629e+2,
249.198902,1.183e+2,,
249.234387,,2.414e+2,
249.289088,,1.520e+0,
249.318437,,5.038e+3,
249.322334,,3.938e+2,
249.32634,,8.893e+3,
249.375146,,1.671e+0,
249.387657,,6.426e+1,
249.586831,,9.200e+1,
249.633702,,1.381e+0,
249.639587,,3.422e-1,
249.653365,6.540e+2,,
249.771363,,7.083e+1,
249.781897,,9.318e+2,
249.808182,,2.030e+0,
249.889733,,4.493e+3,
249.896771,,2.832e+1,
250.092331,,3.133e+2,
250.113174,3.825e+3,,
250.135063,,1.768e+1,
250.20438,,5.821e-1,
250.239274,,1.080e+3,
250.321989,,5.603e-1,
250.332617,,8.977e+2,
250.340827,,5.874e-1,
250.353874,,1.679e+1,
250.356459,,4.517e+2,
250.363023,,9.831e-1,
250.387412,,1.119e+3,
250.489035,,5.529e+0,
250.50081,1.173e+2,,
250.609331,,9.670e+2,
250.643244,,3.212e+0,
250.657165,7.423e+1,,
250.67205,,1.453e+0,
250.679662,,5.762e+1,
250.759415,,3.881e+1,
250.766356,,1.508e+0,
250.768625,,3.964e+1,
250.790017,4.688e+2,,
250.834106,,1.110e+1,
250.912102,,1.773e+2,
250.91468,,1.056e+1,
250.948283,,2.374e+0,
250.970208,,5.566e-1,
250.986308,,2.642e+1,
251.01212,,9.602e+0,
251.038472,,1.856e+0,
251.056441,,8.274e+0,
251.083468,5.029e+3,,
251.138032,,1.716e+0,
251.16254,,5.827e-1,
251.176016,,4.106e+3,
251.192456,,1.459e+1,
251.237405,,1.219e+1,
251.252189,,1.692e+2,
251.315055,,3.203e+1,
251.438291,,8.221e+2,
251.490645,,7.973e+1,
251.49331,,1.175e+2,
251.5119,,5.087e+1,
251.590571,,1.813e+0,
251.713289,,5.884e+2,
251.766112,2.941e+2,,
251.797059,,1.003e+1,
251.810145,4.403e+3,,
251.853444,,8.867e-1,
251.904689,,1.020e+3,
251.960309,,5.875e+1,
251.96293,1.746e+2,,
252.026243,,2.397e+1,
252.067325,,6.906e+1,
252.109144,,6.380e+2,
252.121656,,4.052e+1,
252.14858,,2.854e+1,
252.181518,,6.303e+2,
252.284917,1.631e+4,,
252.289172,,7.164e+2,
252.344133,,3.523e+1,
252.429228,2.426e+3,,
252.475367,,8.860e-1,
252.510959,,1.581e+2,
252.532873,,7.070e-1,
252.538757,,5.262e+3,
252.547719,,6.968e+0,
252.563046,,8.024e-1,
252.586365,,6.192e+1,
252.591858,,9.482e+1,
252.607455,,5.262e+2,
252.629366,,3.105e+3,
252.661584,,1.886e+0,
252.710424,,7.124e+2,
252.715584,,1.107e+2,
252.726548,2.361e+2,,
252.743442,1.094e+4,,
252.745377,,2.495e+2,
252.770478,,2.475e+2,
252.907696,,1.858e+2,
252.91348,3.863e+3,,
252.922804,,3.223e+2,
252.93077,1.414e+3,,
252.954427,,3.579e+3,
252.955857,,1.481e+3,
252.983523,8.737e+2,,
252.993112,,5.440e+1,
253.01016,,6.085e+1,
253.010972,,5.465e+2,
253.041772,,1.688e+0,
253.187091,,3.777e+0,
253.314095,1.171e+2,,
253.362706,,4.501e+3,
253.441838,,2.751e+3,
253.450337,,3.580e+0,
253.4889,,1.164e+0,
253.53623,,6.626e+1,
253.548534,,9.892e+2,
253.560682,2.188e+3,,
253.667235,,6.794e+2,
253.680465,,3.254e+3,
253.684491,,1.873e+3,
253.713767,,2.435e+2,
253.717435,2.979e+3,,
253.82042,,5.732e+2,
253.850014,,6.714e+2,
253.867874,,9.482e+1,
253.873744,,1.441e+0,
253.879846,,2.787e+3,
253.890915,,1.981e+3,
253.899319,,4.699e+3,
253.932752,,5.348e+0,
254.05227,,5.290e+1,
254.066413,,3.186e+2,
254.067633,,3.091e+2,
254.097186,3.738e+3,,
254.110078,,9.379e+2,
254.183547,,9.401e+2,
254.210125,3.050e+3,,
254.273584,,2.886e+2,
254.307999,,2.742e+0,
254.33777,,1.571e+3,
254.343122,,5.141e+2,
254.392235,2.660e+3,,
254.497256,,4.438e+2,
254.521963,,1.020e+3,
254.544154,,1.288e+2,
254.574159,,6.148e-1,
254.597818,4.058e+3,,
254.644158,,9.844e+0,
254.666986,,1.055e+3,
254.679801,,6.529e-1,
254.733812,,3.559e+2,
254.832493,,3.096e+2,
254.858901,,5.337e+2,
254.874394,,9.180e+2,
254.892251,,2.318e+2,
254.89734,,1.421e+0,
254.908306,,8.405e+2,
254.939444,,1.060e+3,
254.946137,,1.094e+3,
254.961299,1.769e+3,,
254.965741,,8.014e+0,
254.977423,,1.197e+2,
255.002711,,1.734e+3,
255.01512,,6.594e+1,
255.068285,,1.316e+3,
255.120403,,7.167e+1,
255.12227,,2.302e+1,
255.506719,,2.585e+2,
255.545293,,2.442e+2,
255.667835,,5.553e-1,
255.750566,,2.078e+2,
255.88229,,8.266e-1,
255.97713,,2.041e+2,
255.99251,,1.697e+2,
256.028212,,7.831e+2,
256.209161,,3.553e+2,
256.253533,,1.561e+4,
256.347523,,8.261e+3,
256.384328,,7.189e+1,
256.621961,,1.856e+2,
256.640131,,9.772e+1,
256.650852,,1.619e+0,
256.662423,,1.505e+2,
256.677001,,2.365e+0,
256.691229,,2.908e+3,
256.763085,,1.857e+0,
256.836213,,5.635e-1,
256.840969,,3.518e+2,
256.977955,,9.637e+1,
257.084892,,6.098e+2,
257.087905,,3.293e+1,
257.117236,,2.559e+0,
257.145591,,1.181e+0,
257.208837,,2.181e+0,
257.296762,,1.026e+2,
257.321155,,1.549e+2,
257.436589,,2.238e+3,
257.669004,4.388e+2,,
257.686368,,6.004e+2,
257.792172,,3.172e+3,
257.821023,,2.805e+0,
257.898494,,8.193e-1,
257.911596,,6.853e+1,
258.177834,,6.329e-1,
258.241342,,8.571e+1,
258.258299,,4.814e+3,
258.453576,1.471e+3,,
258.561956,,1.198e+2,
258.587553,,3.443e+4,
258.794912,,6.529e+2,
259.154254,,4.971e+3,
259.278409,,1.873e+3,
259.372753,,8.917e+2,
259.464589,,3.384e+0,
259.496508,,3.896e+1,
259.744843,,4.986e-1,
259.836884,,4.014e+4,
259.939511,,1.165e+5,
259.947113,,1.830e+2,
259.956642,4.599e+2,,
260.15442,,1.002e+0,
260.405528,,9.257e+0,
260.503757,,1.444e+2,
260.531023,,2.186e+2,
260.542486,,2.393e+2,
260.590437,,5.290e+1,
260.65159,,3.747e+2,
260.682632,9.437e+2,,
260.708691,,3.166e+4,
260.752868,,3.438e+1,
260.8691,,,2.012e-6
260.903727,,6.329e-1,
260.912546,,1.405e+2,
260.92201,1.339e+2,,
260.986565,,1.245e+2,
261.107256,,6.366e+2,
261.187335,,4.622e+4,
261.382399,,1.913e+4,
261.7156,,,2.766e-6
261.761702,,1.370e+4,
261.801804,3.608e+2,,
261.907388,,4.941e+2,
261.984801,,5.996e-1,
262.017152,,1.252e+2,
262.02417,,6.831e+0,
262.069493,,5.261e+2,
262.166876,,5.054e+3,
262.312997,,5.740e+1,
262.35336,6.664e+2,,
262.370072,,9.790e+0,
262.372504,,2.178e+2,
262.411334,,1.010e+0,
262.548906,,1.626e+3,
262.566683,,1.745e+4,
262.650042,,3.983e+2,
262.829292,,1.600e+4,
262.958832,,1.114e+3,
263.007114,,5.847e+2,
263.100965,,1.324e+3,
263.104672,,2.291e+4,
263.132285,,2.423e+4,
263.160823,,1.607e+3,
263.223736,2.064e+2,,
263.320301,,1.051e+2,
263.580897,5.076e+2,,
263.749723,,2.290e+1,
263.764349,,2.920e+2,
263.956401,,1.777e+2,
264.164161,,5.316e+0,
264.201213,,7.622e+1,
264.399839,3.991e+2,,
264.462737,,7.023e-1,
264.51969,,6.216e+0,
264.53338,,9.682e+0,
264.609677,,3.905e-1,
264.869,,9.575e+0,
264.946951,,3.198e+1,
265.04811,,8.092e+1,
265.168989,,2.283e+1,
265.355724,,2.363e+0,
265.36665,,2.481e+0,
265.462848,,1.944e+1,
265.569241,,3.485e+0,
265.614508,1.693e+2,,
265.71701,,2.443e+0,
265.825182,,9.338e+1,
266.023646,,2.187e+0,
266.177066,,3.478e+0,
266.255676,,1.532e+1,
266.326009,,2.094e+0,
266.425916,,2.050e+1,
266.466349,,2.113e+3,
266.554047,,1.096e+1,
266.663566,,1.590e+3,
266.668252,,4.522e+0,
266.675074,,6.292e+0,
266.681221,3.420e+2,,
266.696468,1.170e+2,,
266.721807,,3.767e+1,
266.761673,,1.572e+0,
266.890955,,4.266e+0,
266.90081,,7.218e+0,
266.949283,1.198e+2,,
266.99362,,1.006e+1,
267.139185,,1.560e+1,
267.192216,,6.504e+0,
267.213914,,6.219e+0,
267.24804,,9.811e+0,
267.254784,,4.122e-1,
267.512275,,5.821e-1,
267.544107,,1.163e+0,
267.687824,,7.343e+0,
267.782873,,6.634e-1,
267.90221,8.284e+1,,
267.906153,7.213e+2,,
267.916313,,5.633e-1,
267.960853,,1.049e+0,
267.977626,,1.493e+0,
268.070249,,1.185e+1,
268.082392,,1.251e+0,
268.102214,,9.712e-1,
268.10437,,1.088e+1,
268.123147,,7.952e-1,
268.251002,,1.977e+1,
268.29965,,2.051e+1,
268.370909,,1.404e+0,
268.475331,,1.100e+3,
268.621706,,3.719e+0,
268.64866,,5.198e+0,
268.695042,,1.213e+0,
268.818954,,1.539e+0,
268.921246,4.918e+2,,
269.251758,,2.081e+0,
269.260157,,1.262e+3,
269.300509,,6.642e-1,
269.404699,,2.547e+0,
269.418379,,1.799e+0,
269.424907,,7.407e+0,
269.506115,,2.481e+0,
269.5143,,,1.019e-7
269.5305,,,6.792e-8
269.612305,,1.386e+0,
269.659208,,2.153e+0,
269.6898,,,4.098e-8
269.732995,,3.316e+1,
269.7332,,,1.689e-8
269.746068,,1.095e+2,
269.779766,,8.748e+0,
269.828519,,3.322e-1,
269.8419,,,2.459e-8
269.92033,,1.199e+1,
270.0047,,,2.107e-8
270.035603,,3.174e+0,
270.1124,,,2.449e-8
270.154206,,6.780e+0,
270.190919,4.657e+1,,
270.265,,,3.499e-9
270.398885,,1.321e+3,
270.4427,,,7.631e-9
270.475601,,8.969e-1,
270.5124,,,1.937e-8
270.601226,2.268e+2,,
270.6206,,,5.107e-9
270.658205,5.534e+2,,
270.681914,,1.217e+0,
270.691406,,2.070e+0,
270.71328,,1.684e+2,
270.841702,,1.700e+0,
270.857054,3.750e+2,,
270.905556,,3.526e+2,
270.925,,,1.173e-8
270.969122,,1.896e+0,
270.995,,,5.689e-9
271.003685,,3.677e+0,
271.165486,2.400e+2,,
271.184122,,9.828e+2,
271.229613,,1.017e+1,
271.239033,,2.342e+2,
271.36394,,1.453e+0,
271.441263,,6.809e+3,
271.568453,,3.330e+0,
271.62171,,8.095e+2,
271.787366,,1.924e+1,
271.792879,,2.736e+0,
271.843604,4.614e+2,,
271.8641,,4.318e+1,
271.900257,,1.162e+1,
271.90272,1.277e+4,,
271.906026,3.282e+2,,
271.919672,,1.385e+0,
271.930183,,1.197e+2,
271.941996,2.674e+2,,
272.077785,,2.152e+0,
272.090204,6.314e+3,,
272.206232,,1.409e+2,
272.27403,,3.001e+1,
272.341711,,2.453e+0,
272.357709,1.999e+3,,
272.488383,,1.099e+3,
272.605496,2.219e+2,,
272.62654,,9.144e-1,
272.681931,,1.686e+0,
272.738311,,5.098e+2,
272.753883,,7.196e+3,
272.771546,,7.127e-1,
272.881978,2.026e+2,,
272.890525,,1.571e+2,
272.932887,,4.213e+0,
273.069936,,9.220e-1,
273.073388,,2.066e+3,
273.124332,,3.695e+0,
273.29409,,2.669e+1,
273.350755,,2.068e+0,
273.35802,3.110e+3,,
273.445679,,1.293e+0,
273.48111,,1.011e+1,
273.508853,,1.711e+0,
273.541866,,4.318e-1,
273.547518,1.612e+3,,
273.69659,,4.572e+3,
273.730891,2.547e+3,,
273.763973,1.020e+2,,
273.891171,,6.729e-1,
273.892785,,3.880e+0,
273.90448,,3.984e-1,
273.94188,,4.147e-1,
273.954713,,3.696e+4,
274.087931,,7.363e-1,
274.139391,,1.478e+2,
274.168546,,5.393e-1,
274.225398,7.519e+2,,
274.240512,2.854e+3,,
274.247238,,7.812e-1,
274.265936,,4.879e+0,
274.27247,,4.625e-1,
274.284756,,2.266e+0,
274.319665,,1.459e+4,
274.322148,,2.642e+1,
274.406714,1.086e+3,,
274.452716,3.239e+2,,
274.46507,,5.742e-1,
274.528094,,3.082e+0,
274.536539,,3.134e-1,
274.612515,,3.229e+1,
274.63582,,1.857e+1,
274.648342,,2.347e+4,
274.651725,,4.013e+1,
274.69816,,2.019e+4,
274.712147,,6.389e+1,
274.742405,,1.482e+0,
274.805689,,4.165e+0,
274.91807,,9.283e+3,
274.932122,,3.456e+4,
274.935226,,5.966e+0,
274.943415,,9.857e-1,
274.948575,,4.347e+3,
275.014032,2.464e+3,,
275.112505,,1.896e+2,
275.214909,,4.598e+1,
275.30311,,1.088e+1,
275.328741,,3.431e+3,
275.488844,,1.116e+2,
275.573622,,4.636e+4,
275.632792,8.561e+2,,
275.702981,,1.068e+2,
275.731536,3.649e+2,,
275.87489,,4.781e-1,
275.947913,,1.752e+0,
276.118243,,4.040e+0,
276.144902,,4.021e-1,
276.177959,4.278e+2,,
276.181279,,1.059e+3,
276.202644,5.641e+2,,
276.233253,,5.532e+1,
276.365565,,7.699e+0,
276.512791,,2.297e+0,
276.522092,,5.781e-1,
276.59919,,3.984e-1,
276.63732,,4.785e-1,
276.750231,,3.529e+3,
276.751188,,1.884e+2,
276.752184,6.483e+2,,
276.878594,,1.272e+0,
276.915233,,1.085e+2,
276.9298,2.022e+2,,
276.933321,,2.993e+1,
276.935579,,5.163e+2,
276.980888,,6.294e-1,
276.983366,,3.594e+0,
277.22988,,1.069e+0,
277.36603,,6.858e-1,
277.468583,,1.565e+2,
277.690787,,5.253e+1,
277.822004,5.291e+2,,
277.829247,,2.974e+0,
277.929919,,1.271e+3,
277.99052,,3.449e+1,
278.069735,5.976e+1,,
278.369059,,1.743e+3,
278.482256,,7.127e-1,
278.519187,,2.587e+2,
278.724066,,1.659e+1,
278.810461,4.152e+3,,
278.980132,1.364e+2,,
279.004449,,2.532e+0,
279.33679,,5.156e-1,
279.378689,,4.021e+0,
279.388699,,2.755e+2,
279.392861,,9.497e+0,
279.662781,,3.382e+1,
279.719594,,5.990e+0,
279.900452,,4.336e-1,
279.914669,,3.995e-1,
279.929445,,2.044e+2,
280.053681,,6.874e+0,
280.343055,,6.733e+0,
280.361272,8.139e+1,,
280.452009,4.926e+2,,
280.486239,1.065e+2,,
280.49991,,5.203e+0,
280.6984,6.624e+2,,
280.978237,,3.972e+1,
281.328628,1.993e+3,,
281.708677,,2.030e+1,
282.205821,,1.277e+0,
282.327574,5.420e+2,,
282.555564,6.117e+2,,
282.862643,,1.232e+2,
283.156086,,8.649e+2,
283.243532,1.117e+3,,
283.308469,,4.149e+1,
283.571128,,5.847e+2,
283.811948,3.248e+2,,
283.821563,,2.642e+1,
283.951284,,1.573e+2,
283.979925,,9.807e+1,
284.03438,,1.948e+2,
284.06495,,4.969e+2,
284.075842,,1.788e+2,
284.397643,1.138e+3,,
284.495678,,1.300e+1,
284.542453,,2.954e+1,
284.559529,,1.212e+2,
284.777326,,3.045e+1,
284.78835,,6.686e-1,
284.805096,,1.955e+2,
284.810597,,7.502e+1,
284.831972,,7.701e+1,
284.91723,,9.560e-1,
285.172165,,4.633e+1,
285.179684,8.550e+2,,
285.26217,,1.230e+0,
285.566745,,1.733e+2,
285.637705,,5.638e+1,
285.69086,,1.433e+2,
285.717436,,8.500e+1,
285.834051,,5.903e+2,
285.862882,,1.453e+1,
285.918,,,3.236e-11
285.9215,,,4.482e-11
285.9278,,,6.205e-11
285.9373,,,8.281e-11
285.9493,,,1.088e-10
286.412258,,1.844e+1,
286.62008,,1.875e+0,
286.931212,,3.031e+1,
287.2385,,2.556e+2,
287.339744,,4.585e+2,
287.534774,,2.302e+2,
287.680324,,1.266e+2,
288.082973,,1.017e+2,
288.250544,,3.020e+0,
288.37103,,4.133e+2,
288.426884,,2.740e+0,
288.476457,,2.694e+1,
288.78048,7.936e+1,,
288.938376,,5.579e-1,
289.247758,8.313e+1,,
289.450402,3.024e+2,,
289.477812,,1.336e+2,
289.521926,,1.027e+2,
289.72647,,1.177e+2,
289.832392,,1.216e+0,
289.925629,,2.597e+0,
289.941447,1.773e+2,,
290.191002,2.158e+2,,
290.574367,,2.522e+0,
290.751736,1.345e+2,,
290.88558,8.502e+1,,
291.068574,,2.666e+0,
291.179562,,1.910e+0,
291.80246,6.563e+2,,
291.852878,,3.313e+0,
291.984079,9.021e+1,,
292.018401,,1.526e+0,
292.32855,6.370e+2,,
292.38524,2.658e+2,,
292.535761,1.149e+2,,
292.658526,,1.492e+3,
292.85017,,8.983e-1,
292.900692,4.511e+2,,
292.91177,5.567e+2,,
293.58832,,8.711e-1,
293.690315,2.398e+3,,
293.884951,,1.257e+0,
294.01131,,2.644e+0,
294.293817,,1.036e+0,
294.439523,,9.253e+2,
294.765478,,1.100e+3,
294.787579,2.339e+3,,
294.84334,2.432e+2,,
294.918118,,2.394e+2,
295.348572,2.017e+2,,
295.377413,,1.196e+3,
295.39398,1.672e+3,,
295.465223,1.028e+2,,
295.736437,9.200e+2,,
295.99919,5.639e+2,,
296.06598,4.900e+1,,
296.525433,6.029e+2,,
296.689802,5.985e+3,,
296.768235,,5.781e-1,
296.886945,,1.026e+0,
296.993598,,1.619e+2,
297.009942,9.554e+2,,
297.31323,1.725e+3,,
297.323506,3.135e+3,,
297.612673,9.746e+1,,
298.05322,9.614e+1,,
298.144486,6.298e+2,,
298.184977,2.733e+2,,
298.206129,,7.954e+1,
298.356951,4.014e+3,,
298.482518,,3.750e+3,
298.496179,,2.797e+0,
298.554538,,1.307e+3,
298.63442,,1.535e+0,
298.778925,,2.755e+0,
299.039127,3.355e+2,,
299.442662,4.324e+3,,
299.638525,1.064e+2,,
299.95114,1.452e+3,,
300.045121,2.236e+2,,
300.09476,3.678e+3,,
300.26421,,3.800e+0,
300.264448,,1.561e+3,
300.707,,,3.973e-8
300.715,,,1.111e-8
300.7216,,,2.695e-8
300.7275,,,5.070e-8
300.729,,,1.120e-8
300.74,,,6.948e-9
300.745,,,1.610e-8
300.7496,,,8.157e-9
300.7607,,,8.157e-9
300.813796,2.013e+3,,
300.909315,1.118e+2,,
300.956911,9.522e+2,,
301.14811,2.966e+2,,
301.315,,,1.388e-5
301.762704,3.901e+2,,
301.898281,5.147e+2,,
302.049056,1.911e+3,,
302.063878,1.490e+4,,
302.107248,6.546e+3,,
302.403247,4.697e+2,,
302.56362,1.023e+3,,
302.584226,1.994e+3,,
302.646179,3.828e+2,,
303.014796,7.252e+2,,
303.696336,,1.667e+1,
303.738855,2.866e+3,,
304.760437,4.086e+3,,
304.899121,,1.840e+1,
305.306552,1.047e+2,,
305.535094,,1.347e+1,
305.744545,2.397e+3,,
305.908538,3.199e+3,,
306.22358,,1.395e+2,
306.647863,6.264e+1,,
306.69987,1.167e+2,,
306.724366,1.768e+3,,
307.112537,,1.259e+1,
307.57194,1.224e+3,,
307.643517,,2.880e+1,
307.716888,,1.722e+2,
307.867997,,6.034e+1,
307.99892,4.726e+1,,
308.374072,7.026e+2,,
309.157641,4.153e+2,,
309.81885,8.881e+1,,
309.989442,4.403e+2,,
309.996786,6.301e+2,,
310.030329,7.289e+2,,
310.066467,7.650e+2,,
311.949482,1.117e+2,,
312.56824,1.455e+2,,
313.251786,1.467e+2,,
314.399022,3.450e+2,,
315.182908,,1.274e+0,
315.319962,1.099e+2,,
315.420101,,3.388e+2,
315.627342,2.751e+2,,
315.703585,2.214e+2,,
315.788474,1.713e+2,,
316.065717,2.789e+2,,
316.194619,1.002e+2,,
316.643508,1.106e+2,,
316.785477,,2.033e+2,
317.135108,1.025e+2,,
317.544444,2.678e+2,,
317.753376,,2.022e+2,
317.801268,1.955e+2,,
317.95045,,4.892e+1,
318.022325,6.387e+2,,
318.151907,1.260e+2,,
318.29781,2.147e+2,,
318.881875,1.980e+2,,
319.064942,5.146e+1,,
319.280021,3.942e+2,,
319.329965,3.437e+2,,
319.612206,1.325e+2,,
319.692708,1.110e+3,,
319.95302,3.406e+2,,
320.539789,4.695e+2,,
321.022879,2.179e+2,,
321.082878,4.544e+2,,
321.198577,7.435e+2,,
321.401115,9.877e+2,,
321.406168,9.935e+2,,
321.59378,5.110e+2,,
321.737689,2.422e+2,,
321.958202,7.086e+2,,
321.980425,4.411e+2,,
322.206713,1.718e+3,,
322.578709,2.784e+3,,
322.774314,,1.488e+3,
322.779521,6.129e+2,,
322.824874,1.874e+2,,
322.999065,1.002e+2,,
323.020722,1.734e+2,,
323.096349,3.189e+2,,
323.30516,4.351e+2,,
323.396736,3.333e+2,,
323.943258,4.762e+2,,
324.418738,6.077e+2,,
324.820399,2.372e+2,,
325.35991,1.020e+2,,
325.43618,3.792e+2,,
325.877307,,1.240e+2,
325.905153,,1.090e+2,
326.561634,3.801e+2,,
327.09998,4.684e+2,,
328.02599,3.170e+2,,
328.28904,1.213e+2,,
328.675278,1.072e+3,,
329.20206,3.827e+2,,
329.25893,2.196e+2,,
330.597065,7.246e+2,,
330.6342,4.923e+2,,
330.635695,6.013e+2,,
330.72333,1.959e+2,,
331.474131,3.639e+2,,
332.247325,9.954e+1,,
332.373598,1.753e+2,,
332.886592,1.847e+2,,
335.52276,1.760e+2,,
336.95471,2.901e+2,,
337.078304,4.972e+2,,
338.010987,1.703e+2,,
339.265213,3.857e+2,,
339.933299,3.976e+2,,
340.22556,2.460e+2,,
340.435382,2.212e+2,,
340.64368,1.123e+2,,
340.679933,1.763e+2,,
340.745937,1.636e+3,,
341.0169,1.798e+2,,
341.313213,6.627e+2,,
341.784044,3.446e+2,,
341.8507,2.832e+2,,
342.265573,1.988e+2,,
342.428418,3.435e+2,,
342.501,1.994e+2,,
342.662792,1.734e+2,,
342.66657,1.012e+2,,
342.71193,1.388e+3,,
342.819254,2.553e+2,,
344.060547,4.674e+3,,
344.098835,2.281e+3,,
344.387624,8.415e+2,,
344.514901,4.993e+2,,
345.032799,2.092e+2,,
345.191434,1.687e+2,,
345.99141,7.791e+1,,
346.586035,1.264e+3,,
346.9012,6.714e+1,,
347.544997,1.793e+3,,
347.63442,1.168e+2,,
347.670157,6.078e+2,,
348.96673,1.304e+2,,
349.057352,1.678e+3,,
349.528625,1.408e+2,,
349.710322,2.101e+2,,
349.784032,5.666e+2,,
350.84739,9.295e+1,,
351.381746,5.869e+2,,
352.126097,8.199e+2,,
352.604056,3.116e+2,,
352.616556,4.111e+2,,
352.623782,2.363e+2,,
352.638112,4.465e+2,,
352.646707,1.971e+2,,
352.667458,4.016e+2,,
352.779254,3.072e+2,,
352.98196,3.537e+2,,
353.038663,1.002e+2,,
353.30064,3.888e+2,,
353.319818,6.299e+2,,
353.655599,1.076e+3,,
353.789469,1.431e+2,,
354.012088,1.339e+2,,
354.108318,1.520e+3,,
354.207525,1.346e+3,,
354.36751,6.654e+1,,
354.563971,2.962e+2,,
354.71937,6.115e+1,,
355.282821,1.369e+2,,
355.37382,6.866e+2,,
355.492419,3.018e+3,,
355.687773,7.334e+2,,
355.851482,1.758e+3,,
355.95033,8.334e+1,,
356.069691,6.830e+1,,
356.537873,5.729e+3,,
356.703117,9.337e+1,,
356.882273,6.260e+1,,
357.009748,1.167e+4,,
357.199499,5.375e+2,,
357.339362,7.219e+1,,
357.388852,3.940e+2,,
357.524502,1.135e+2,,
357.53696,2.095e+2,,
357.675803,8.122e+1,,
358.11928,2.248e+4,,
358.21995,2.763e+2,,
358.46592,7.305e+2,,
358.478629,1.288e+2,,
358.49574,6.278e+2,,
358.531869,1.243e+3,,
358.570513,5.390e+2,,
358.61135,8.291e+2,,
358.698438,1.216e+3,,
358.723885,1.152e+2,,
358.860886,2.255e+2,,
358.891728,1.057e+2,,
358.945168,1.432e+2,,
359.463208,4.796e+2,,
359.96249,1.546e+2,,
360.2462,1.202e+2,,
360.252548,1.785e+2,,
360.320302,5.871e+2,,
360.54525,8.317e+2,,
360.550035,4.210e+2,,
360.6679,2.229e+3,,
360.814151,1.179e+2,,
360.885895,5.955e+3,,
361.015895,1.392e+3,,
361.206836,2.551e+2,,
361.778596,7.124e+2,,
361.838582,1.608e+2,,
361.87675,7.669e+3,,
362.14605,9.880e+2,,
362.17188,7.273e+1,,
362.200323,7.009e+2,,
362.31859,2.558e+2,,
362.514143,1.316e+2,,
363.034738,1.285e+2,,
363.109689,4.270e+2,,
363.146292,7.431e+3,,
363.20384,4.614e+2,,
363.432842,1.175e+2,,
363.62236,1.219e+2,,
363.82962,4.212e+2,,
364.03881,8.092e+2,,
364.582,1.939e+2,,
364.74237,1.412e+2,,
364.784225,5.474e+3,,
364.950594,7.687e+2,,
365.002947,2.405e+2,,
365.02787,1.985e+2,,
365.146668,1.056e+3,,
365.546479,1.095e+2,,
365.951641,1.643e+2,,
366.70252,,4.674e-1,
366.725284,1.100e+2,,
366.952079,3.483e+2,,
367.00884,1.540e+2,,
367.73056,1.320e+2,,
367.76277,6.290e+2,,
367.991309,6.368e+2,,
368.22445,6.238e+2,,
368.410722,4.490e+2,,
368.41374,7.207e+1,,
368.599687,6.212e+2,,
368.745628,1.371e+3,,
368.765787,1.440e+2,,
368.846062,7.752e+1,,
368.945775,5.651e+2,,
369.07268,2.676e+2,,
369.400589,8.886e+2,,
369.505245,4.648e+2,,
369.742522,2.172e+2,,
370.108586,9.175e+2,,
370.369071,1.196e+2,,
370.446079,2.938e+2,,
370.556548,1.115e+3,,
370.791945,6.982e+2,,
370.924612,1.994e+3,,
371.140799,9.538e+1,,
371.644188,4.265e+2,,
371.993444,9.530e+3,,
372.150232,1.518e+2,,
372.256272,1.204e+3,,
372.437686,2.765e+2,,
372.69261,3.596e+2,,
372.709201,2.113e+2,,
372.761872,1.981e+3,,
372.780888,1.577e+2,,
373.038621,1.674e+2,,
373.23961,5.657e+2,,
373.331716,9.274e+2,,
373.486354,1.983e+4,,
373.532365,4.326e+2,,
373.713125,6.506e+3,,
373.83049,5.458e+2,,
374.023905,1.457e+2,,
374.261655,1.090e+2,,
374.336183,1.351e+3,,
374.34677,5.721e+2,,
374.410236,1.523e+2,,
374.556086,3.994e+3,,
374.58991,1.048e+3,,
374.692683,2.746e+2,,
374.826189,2.216e+3,,
374.896457,2.939e+2,,
374.948483,1.307e+4,,
375.361052,2.690e+2,,
375.69371,2.109e+2,,
375.823267,8.103e+3,,
376.00494,2.283e+2,,
376.378864,4.812e+3,,
376.55384,1.855e+3,,
376.71915,3.321e+3,,
377.850889,7.576e+1,,
378.618693,1.382e+2,,
378.787991,1.141e+3,,
379.500205,1.470e+3,,
379.75145,7.978e+2,,
379.851096,7.107e+2,,
379.954711,1.252e+3,,
380.5342,1.187e+3,,
380.62165,8.258e+1,,
380.66953,6.259e+2,,
381.296424,7.630e+2,,
381.38834,6.260e+1,,
381.58397,8.221e+3,,
381.763905,1.039e+2,,
382.042491,1.309e+4,,
382.11774,9.557e+2,,
382.444329,1.178e+3,,
382.588058,8.589e+3,,
382.78222,5.120e+3,,
383.422219,4.452e+3,,
383.633025,2.130e+2,,
383.92558,3.691e+2,,
384.04372,2.693e+3,,
384.10475,3.801e+3,,
384.32565,4.537e+2,,
384.64092,1.441e+2,,
384.68001,6.014e+2,,
384.996631,1.138e+3,,
385.637115,1.340e+3,,
385.921236,2.996e+2,,
385.991106,5.367e+3,,
386.552292,8.880e+2,,
386.721579,2.932e+2,,
387.1748,1.294e+2,,
387.250102,1.034e+3,,
387.376015,2.179e+2,,
387.801779,1.111e+3,,
387.857282,1.048e+3,,
387.87262,2.230e+2,,
388.327981,1.286e+2,,
388.628183,2.201e+3,,
388.704779,6.909e+2,,
388.851317,1.219e+3,,
388.882145,1.108e+2,,
389.19264,9.730e+1,,
389.338988,2.267e+2,,
389.565597,5.262e+2,,
389.78893,2.247e+2,,
389.970707,7.451e+2,,
390.294512,1.571e+3,,
390.38977,1.358e+2,,
390.647918,1.413e+2,,
391.67305,1.630e+2,,
391.864151,1.595e+2,,
392.025748,4.416e+2,,
392.291129,5.982e+2,,
392.791947,7.509e+2,,
393.02964,8.281e+2,,
393.581244,1.401e+2,,
394.80971,1.821e+2,,
394.87747,2.806e+2,,
395.11632,3.197e+2,,
395.432,,,5.122e-9
395.4355,,,7.893e-12
395.4375,,,1.321e-9
395.645488,3.028e+2,,
395.66763,4.672e+2,,
395.701788,1.769e+2,,
396.31003,1.118e+2,,
396.742064,1.559e+2,,
396.8711,,,2.621e-9
396.925691,1.920e+3,,
396.9498,,,1.630e-9
397.113,,,2.591e-11
397.4376,,,8.428e-12
397.661301,7.770e+1,,
397.8402,,,9.747e-10
397.9416,,,1.262e-9
398.0094,,,5.491e-10
399.69635,6.818e+1,,
399.73917,4.067e+2,,
399.9776,,,3.293e-11
399.9887,,,3.611e-11
400.0767,,,4.834e-11
400.3227,,,6.525e-11
400.3541,,,9.717e-12
400.524148,1.175e+3,,
400.875,,,9.017e-11
401.453083,2.202e+2,,
402.186604,2.227e+2,,
402.472471,1.205e+2,,
403.048821,1.971e+2,,
403.5423,,,2.340e-9
404.389713,1.024e+2,,
404.581193,1.008e+4,,
405.2513,,,2.328e-11
405.3112,,,3.204e-9
406.173,,,3.053e-11
406.359365,5.648e+3,,
406.5969,,,4.426e-12
406.797774,2.419e+2,,
406.9206,,,6.909e-12
407.173752,4.402e+3,,
407.662889,2.131e+2,,
408.101,,,4.083e-9
408.1507,,,3.901e-11
408.2014,,,2.477e-11
408.2477,,,4.026e-11
408.2759,,,3.768e-11
408.449152,1.223e+2,,
408.530273,1.090e+2,,
408.9941,,,1.881e-11
409.0975,,,2.431e-11
409.2298,,,2.006e-11
409.2627,,,1.924e-11
409.3057,,,2.778e-11
409.3228,,,4.228e-11
409.3637,,,1.252e-11
409.4336,,,8.444e-12
409.5266,,,3.383e-11
409.5371,,,5.271e-11
409.5856,,,1.506e-11
409.6556,,,3.761e-11
409.756,,,3.055e-11
409.7587,,,4.089e-11
410.0475,,,3.700e-11
410.3038,,,1.314e-11
410.3524,,,1.061e-11
410.5481,,,2.482e-11
410.9128,,,8.266e-12
411.29584,8.602e+1,,
411.8389,,,5.220e-11
411.85443,7.870e+2,,
411.8722,,,5.061e-11
411.8864,,,5.704e-11
411.936,,,3.788e-11
411.9361,,,5.123e-11
411.9852,,,7.388e-11
412.09,,,3.258e-9
412.1338,,,1.127e-10
412.2023,,,5.417e-9
412.2788,,,4.879e-9
412.3006,,,1.017e-11
412.56199,6.301e+1,,
412.6552,,,1.804e-11
413.205785,1.002e+3,,
413.467722,2.565e+2,,
413.699755,2.049e+2,,
413.7128,,,9.096e-11
413.7762,,,8.991e-9
413.9348,,,7.002e-9
414.0482,,,2.660e-9
414.2644,,,1.539e-11
414.341445,5.586e+2,,
414.386752,1.556e+3,,
414.5645,,,1.165e-10
414.8339,,,7.564e-12
414.8769,,,1.111e-11
415.389948,2.849e+2,,
415.449849,2.360e+2,,
415.480514,2.460e+2,,
415.4966,,,1.458e-10
415.679861,1.791e+2,,
415.7117,,,2.793e-11
415.777954,2.309e+2,,
415.879208,1.193e+2,,
415.984,,,9.257e-12
416.3183,,,1.054e-11
416.3317,,,4.912e-12
416.4729,,,1.738e-8
416.4947,,,1.949e-10
416.6841,,,5.342e-9
416.6887,,,1.106e-11
416.845,,,9.810e-10
417.0575,,,2.600e-11
417.4258,,,2.517e-10
417.4809,,,1.304e-11
417.563572,1.702e+2,,
417.741,,,1.474e-11
417.7856,,,9.888e-12
418.175449,4.950e+2,,
418.4044,,,3.592e-11
418.4168,,,2.890e-11
418.498,,,1.425e-11
418.703842,5.132e+2,,
418.779491,5.227e+2,,
418.8905,,,3.873e-11
419.142997,3.837e+2,,
419.394,,,2.047e-11
419.4709,,,3.497e-12
419.532874,2.103e+2,,
419.5457,,,3.070e-11
419.620852,1.220e+2,,
419.824651,2.190e+2,,
419.830363,3.692e+2,,
419.863389,9.780e+1,,
419.909489,1.303e+3,,
420.202885,1.098e+3,,
420.3836,,,3.506e-11
420.5894,,,2.226e-11
420.9388,,,6.745e-12
421.0681,,,9.308e-11
421.75454,1.925e+2,,
421.93595,4.968e+2,,
422.2271,,,2.589e-9
422.41711,1.971e+2,,
422.54541,1.847e+2,,
422.74264,1.216e+3,,
423.36021,4.416e+2,,
423.59361,8.644e+2,,
423.8619,,,1.837e-9
423.88096,3.591e+2,,
424.0672,,,7.806e-11
424.3414,,,5.861e-11
424.5693,,,4.022e-11
424.6124,,,4.928e-11
424.7425,3.676e+2,,
424.834,,,2.671e-11
424.8773,,,1.093e-9
425.01188,7.118e+2,,
425.0202,,,5.923e-11
425.07864,1.013e+3,,
425.1473,,,6.415e-11
425.1992,,,9.770e-12
425.3486,,,4.668e-11
425.6337,,,3.671e-11
425.8826,,,2.454e-11
425.92,,,8.638e-12
426.04736,2.357e+3,,
426.1411,,,2.497e-10
426.3383,,,1.717e-11
426.677,,,2.528e-11
427.11531,8.368e+2,,
427.17599,3.936e+3,,
427.34,,,2.557e-10
427.342,,,4.510e-10
428.24026,4.286e+2,,
428.615,,,3.467e-10
428.617,,,7.429e-10
429.41244,4.484e+2,,
429.685,,,1.513e-9
429.9234,7.622e+2,,
430.477,,,1.942e-9
430.79017,4.514e+3,,
431.036,,,2.375e-9
432.57616,5.124e+3,,
437.206,,,5.636e-10
437.215,,,7.833e-10
437.216,,,1.568e-10
437.23,,,2.288e-10
437.232,,,1.076e-9
437.25,,,1.676e-9
437.277,,,2.060e-9
438.35444,9.406e+3,,
438.84066,1.055e+2,,
440.47498,3.953e+3,,
441.51221,1.264e+3,,
443.32183,8.977e+1,,
446.6551,3.190e+2,,
446.93754,1.628e+2,,
452.86136,4.165e+2,,
487.13178,5.824e+2,,
487.21373,3.570e+2,,
489.07549,5.371e+2,,
489.1492,1.059e+3,,
490.814553,,6.054e-1,
491.329562,,1.332e+0,
491.89936,6.156e+2,,
492.05021,1.646e+3,,
494.808717,,7.076e-1,
494.879114,,1.033e+0,
495.158055,,1.893e+0,
495.72979,5.425e+2,,
495.75961,2.493e+3,,
497.70331,,1.003e+0,
498.448536,,1.386e+0,
498.52527,1.098e+2,,
499.05064,,1.786e+0,
500.18631,4.097e+2,,
500.19529,,1.014e+1,
500.41881,,3.937e+0,
500.61184,3.468e+2,,
500.773506,,6.330e-1,
501.49422,1.958e+2,,
501.57519,,1.057e+0,
502.1591,,7.811e-1,
502.22353,1.023e+2,,
502.241819,,9.576e-1,
502.278888,,9.816e-1,
503.063177,,3.271e+0,
503.270361,,1.286e+0,
503.57,,5.212e+0,
504.51064,,1.172e+0,
504.763186,,6.912e-1,
506.170973,,2.310e+0,
506.789012,,9.692e-1,
507.089569,,2.212e+0,
507.47476,1.713e+2,,
507.57597,,1.525e+0,
507.7668,,,1.177e-9
507.8935,,,1.473e-9
508.222657,,7.872e-1,
508.92128,,1.199e+0,
509.07727,1.022e+2,,
509.35724,,1.614e+0,
509.72743,,2.280e+0,
510.061173,,1.893e+0,
510.07343,,5.731e+0,
510.5326,,,2.932e-10
510.61082,,6.637e-1,
511.1066,,,4.511e-10
511.6423,,,2.278e-10
511.70311,,9.501e-1,
512.5607,,,3.113e-10
513.6146,,,3.750e-10
513.73814,1.089e+2,,
513.9462,3.995e+2,,
514.387456,,6.399e-1,
514.43515,,2.032e+0,
514.57306,,6.539e-1,
514.5822,,7.643e-1,
514.9371,,,4.315e-10
514.946227,,3.679e+0,
515.048129,,8.607e-1,
515.72862,,6.870e-1,
516.655135,,9.228e-1,
516.74879,5.362e+2,,
517.70188,,7.092e-1,
518.03117,,9.054e-1,
518.68671,,6.459e-1,
519.14542,3.261e+2,,
519.23434,4.608e+2,,
519.48864,,7.863e-1,
519.91191,,1.492e+0,
520.07977,,1.023e+0,
520.36342,,8.494e-1,
521.045,,,3.017e-11
521.534741,,1.124e+0,
521.584563,,7.804e-1,
521.68579,,2.942e+0,
521.68587,,4.703e+0,
521.8116,,,5.608e-11
521.884132,,7.660e-1,
521.9132,,,2.696e-10
522.32559,,7.520e-1,
522.5644,,,2.494e-10
522.618,,,2.575e-10
522.68612,3.246e+2,,
522.71889,3.862e+2,,
522.73171,,1.474e+0,
522.74855,,7.249e+0,
522.782,,,2.618e-10
522.857,,,2.634e-11
522.8623,,,3.523e-10
522.9143,,,2.167e-11
523.0782,,,5.287e-10
523.278145,,9.316e-1,
523.29398,1.146e+3,,
523.5655,,,2.485e-8
523.794901,,1.324e+0,
524.3309,,,8.213e-8
524.79558,,3.356e+0,
525.12257,,2.541e+0,
525.36489,,7.642e-1,
525.711889,,1.406e+0,
526.02544,,1.327e+1,
526.4179,,1.956e+0,
526.65543,5.058e+2,,
526.95366,7.034e+2,,
527.00313,,6.214e-1,
527.03561,2.838e+2,,
527.298,,,1.184e-9
527.6476,,,3.300e-8
528.23,,,4.191e-8
528.36207,2.774e+2,,
528.4833,,,8.961e-10
529.1661,,3.515e+0,
529.8117,,,6.919e-10
529.9923,,,2.235e-8
530.2602,,,2.474e-8
530.61824,,1.068e+0,
530.9922,,,5.021e-10
531.0881,,,4.723e-10
531.62138,,2.384e+0,
531.80546,,6.024e-1,
532.274,,,4.219e-10
532.41785,7.614e+2,,
532.80381,4.786e+2,,
533.0733,,,2.624e-10
533.95943,,3.463e+0,
536.27474,,6.429e-1,
536.29701,,6.196e-1,
536.3376,,,1.352e-10
536.3744,,,2.229e-10
536.48704,3.905e+2,,
536.62086,,6.320e-1,
536.74654,6.642e+2,,
536.8056,,,1.860e-10
536.99607,8.662e+2,,
537.14891,3.033e+2,,
537.547,,,3.334e-10
538.3368,1.194e+3,,
538.70629,,3.090e+0,
539.58544,,1.712e+0,
539.71274,1.429e+2,,
540.2043,,,1.750e-11
540.20573,,2.743e+0,
540.41508,7.845e+2,,
540.57743,1.851e+2,,
541.09092,5.632e+2,,
541.13773,,8.000e-1,
541.51984,1.093e+3,,
542.96962,1.777e+2,,
542.99869,,2.386e+0,
543.45233,9.526e+1,,
544.43868,,6.050e-1,
544.58003,,7.426e-1,
544.69162,1.583e+2,,
545.0095,,7.036e-1,
545.56089,1.028e+2,,
545.77218,,6.306e-1,
546.3275,2.769e+2,,
546.5932,,1.945e+0,
547.58263,,8.404e-1,
547.65642,1.229e+2,,
548.23056,,2.445e+0,
548.76177,,1.758e+0,
549.20786,,1.083e+0,
549.23978,,8.104e-1,
549.38309,,1.835e+0,
550.26696,,6.044e-1,
550.32151,,7.695e-1,
550.61986,,7.177e+0,
550.7071,,8.682e-1,
551.07833,,1.177e+0,
553.20858,,7.895e-1,
554.47582,,1.368e+0,
554.90002,,6.491e-1,
556.96178,2.557e+2,,
557.28421,4.259e+2,,
557.79122,,7.167e-1,
558.67553,5.957e+2,,
558.82208,,1.333e+0,
561.56436,9.758e+2,,
563.39459,6.021e+1,,
564.539,,1.495e+0,
564.88996,,6.559e-1,
566.1402,,,2.912e-10
567.2896,,,1.499e-10
568.65296,7.607e+1,,
569.2423,,,1.507e-10
569.564,,,2.561e-11
570.1071,,,2.228e-11
571.2933,,,3.340e-10
572.2472,,,4.034e-10
572.65527,,7.435e-1,
573.3427,,,5.282e-10
573.4857,,,2.170e-10
574.4192,,,7.158e-10
574.9812,,,2.358e-10
575.5698,,,9.517e-11
575.6404,,,9.943e-10
576.29918,1.063e+2,,
577.3281,,,1.311e-10
578.01279,,2.241e+0,
578.36226,,1.875e+0,
578.44455,,1.106e+0,
578.8796,,,2.317e-11
579.9943,,,1.875e-10
581.3305,,,3.761e-10
581.7432,,,2.055e-10
581.8489,,,3.548e-10
582.1375,,,5.541e-11
583.0607,,,1.281e-10
583.3931,,,1.278e-7
583.803,,,1.098e-10
584.3237,,,2.688e-11
584.8754,,,1.536e-10
584.8775,,,6.228e-10
585.3487,,,1.638e-10
585.41872,,6.152e-1,
585.4615,,,1.826e-9
586.0965,,,4.597e-10
586.4062,,,3.769e-10
587.6305,,,1.512e-9
588.50144,,1.566e+0,
588.9689,,,1.916e-11
589.1904,,,9.791e-8
589.8669,,,1.261e-9
590.28231,,2.143e+0,
591.897,,,4.736e-10
591.9882,,,1.023e-9
592.0127,,,1.903e-8
592.9689,,,6.999e-8
594.0068,,,7.862e-10
594.009,,,5.570e-10
595.3624,,,3.229e-8
595.56976,,1.433e+0,
595.681,,,6.525e-10
596.17055,,4.067e+0,
596.2466,,,1.657e-11
596.56196,,1.005e+0,
597.681,,,8.204e-11
597.842,,,2.049e-10
597.853,,,2.048e-10
597.9312,,,2.997e-8
598.089,,,2.382e-10
598.107,,,3.751e-10
598.438,,,2.243e-10
598.456,,,5.970e-10
598.893,,,1.490e-10
598.907,,,8.806e-10
599.954,,,4.978e-8
600.0087,,,8.770e-11
601.5279,,,1.256e-10
602.0807,,,4.450e-11
602.885,,,3.643e-10
603.1021,,,1.214e-10
603.2601,,,6.890e-8
603.267,,,8.904e-11
603.6564,,,1.734e-9
604.292,,,2.418e-10
604.8357,,,1.456e-10
604.866,,,1.267e-9
605.4173,,,9.561e-10
605.6355,,,7.082e-10
605.7126,,,5.585e-10
605.8447,,,1.945e-10
615.0001,,,6.368e-10
615.4363,,,8.801e-10
616.5499,,,3.986e-10
616.9726,,,1.076e-9
616.975,,,1.305e-9
618.1694,,,8.648e-10
619.4783,,,6.204e-10
620.1366,,,5.151e-10
629.1826,,1.466e+0,
635.71615,,1.156e+0,
637.57965,,6.366e-1,
640,3.427e+2,,
641.99484,9.330e+1,,
642.57292,,5.850e-1,
646.27121,1.020e+2,,
649.1663,,6.075e-1,
649.521,,6.481e-1,
649.69415,,5.204e-1,
653.44714,,6.560e-1,
654.13672,,1.280e+0,
654.38035,,8.432e-1,
654.83912,,1.036e+0,
655.0631,,5.795e-1,
655.45466,,5.529e-1,
656.53802,,2.399e+0,
657.14221,,3.262e+0,
660.00246,,1.181e+0,
662.19744,,6.763e-1,
684.16631,,1.280e+0,
685.78534,,1.955e+0,
686.25167,,1.826e+0,
687.0726,,3.011e+0,
688.23396,,6.710e-1,
690.56515,,3.516e+0,
690.86342,,5.891e-1,
692.20266,,4.614e+0,
692.78768,,2.164e+0,
693.20004,,1.093e+0,
695.26731,,1.318e+0,
698.73956,,7.590e-1,
713.4543,,1.437e+0,
718.73165,2.700e+2,,
731.763,,,3.494e-10
731.955,,,8.532e-11
732.01,,,2.333e-10
732.018,,,1.310e-10
749.56266,,2.754e+0,
751.10182,4.360e+2,,
751.31762,,5.780e+0,
752.50982,,7.275e-1,
754.86616,,5.298e-1,
770.49366,,1.643e+0,
792.08,,,9.396e-11
792.11,,,7.091e-11
792.14,,,5.210e-11
792.17,,,3.680e-11
792.19,,,2.453e-11
800.446,,,2.441e-11
800.788,,,3.373e-11
801.123,,,4.141e-11
801.469,,,6.261e-11
801.792,,,8.223e-11
822.0377,5.458e+2,,
822.89873,,4.474e+0,
823.544,,,3.480e-10
823.551,,,5.302e-11
823.558,,,4.369e-11
823.673,,,2.098e-10
823.679,,,5.436e-11
823.68,,,6.228e-11
828.78774,,1.604e+1,
831.59847,,8.130e-1,
832.4939,,,4.498e-11
832.53331,,1.000e+0,
833.32026,,6.929e-1,
833.9271,,8.547e-1,
835.9256,,,6.168e-11
841.6471,,,7.894e-11
846.85918,,5.607e+0,
847.7134,,,5.170e-11
847.9722,,,8.608e-11
848.1377,,,7.717e-11
849.01021,,3.939e+0,
849.06913,,1.605e+0,
849.96165,,3.730e+0,
850.9097,,,1.428e-10
851.272,,,1.110e-10
856.3472,,,2.760e-10
856.8389,,,8.467e-11
859.70356,,3.723e-1,
868.86233,2.115e+2,,
872.24606,,1.172e+0,
874.03012,,2.567e-1,
881.33713,,4.329e-1,
882.77579,,5.835e-1,
883.39718,,6.329e-1,
884.70398,,3.866e-1,
