Wavelength (nm),Sum(calc),Pb I (1.4e-1),Pb II (8.6e-1)
201.98,6.956e-49,6.956e-49,
201.985,1.493e-46,1.493e-46,
201.99,2.834e-44,2.834e-44,
201.995,4.762e-42,4.762e-42,
202,7.079e-40,7.079e-40,
202.005,9.314e-38,9.314e-38,
202.01,1.084e-35,1.084e-35,
202.015,1.117e-33,1.117e-33,
202.02,1.018e-31,1.018e-31,
202.026,1.948e-29,1.948e-29,
202.031,1.357e-27,1.357e-27,
202.036,8.361e-26,8.361e-26,
202.041,4.560e-24,4.560e-24,
202.046,2.201e-22,2.201e-22,
202.051,9.400e-21,9.400e-21,
202.056,3.553e-19,3.553e-19,
202.061,1.188e-17,1.188e-17,
202.066,3.516e-16,3.516e-16,
202.071,9.206e-15,9.206e-15,
202.076,2.133e-13,2.133e-13,
202.081,4.374e-12,4.374e-12,
202.086,7.936e-11,7.936e-11,
202.091,1.274e-9,1.274e-9,
202.096,1.810e-8,1.810e-8,
202.101,2.276e-7,2.276e-7,
202.106,2.532e-6,2.532e-6,
202.111,2.492e-5,2.492e-5,
202.116,2.171e-4,2.171e-4,
202.121,1.673e-3,1.673e-3,
202.126,1.141e-2,1.141e-2,
202.131,6.889e-2,6.889e-2,
202.136,3.679e-1,3.679e-1,
202.141,1.739e+0,1.739e+0,
202.146,7.273e+0,7.273e+0,
202.151,2.691e+1,2.691e+1,
202.156,8.814e+1,8.814e+1,
202.161,2.554e+2,2.554e+2,
202.166,6.549e+2,6.549e+2,
202.171,1.486e+3,1.486e+3,
202.176,2.984e+3,2.984e+3,
202.181,5.301e+3,5.301e+3,
202.186,8.335e+3,8.335e+3,
202.191,1.160e+4,1.160e+4,
202.196,1.428e+4,1.428e+4,
202.201,1.555e+4,1.555e+4,
202.206,1.499e+4,1.499e+4,
202.211,1.279e+4,1.279e+4,
202.216,9.652e+3,9.652e+3,
202.221,6.447e+3,6.447e+3,
202.226,3.810e+3,3.810e+3,
202.231,1.993e+3,1.993e+3,
202.236,9.223e+2,9.223e+2,
202.241,3.777e+2,3.777e+2,
202.246,1.369e+2,1.369e+2,
202.251,4.390e+1,4.390e+1,
202.256,1.246e+1,1.246e+1,
202.261,3.128e+0,3.128e+0,
202.266,6.950e-1,6.950e-1,
202.271,1.366e-1,1.366e-1,
202.276,2.377e-2,2.377e-2,
202.281,3.660e-3,3.660e-3,
202.286,4.986e-4,4.986e-4,
202.291,6.011e-5,6.011e-5,
202.296,6.413e-6,6.413e-6,
202.301,6.053e-7,6.053e-7,
202.306,5.056e-8,5.056e-8,
202.311,3.738e-9,3.738e-9,
202.316,2.445e-10,2.445e-10,
202.321,1.415e-11,1.415e-11,
202.326,7.246e-13,7.246e-13,
202.332,1.743e-14,1.743e-14,
202.337,6.821e-16,6.821e-16,
202.342,2.362e-17,2.362e-17,
202.347,7.238e-19,7.238e-19,
202.352,1.963e-20,1.963e-20,
202.357,4.710e-22,4.710e-22,
202.362,1.000e-23,1.000e-23,
202.367,1.879e-25,1.879e-25,
202.372,3.124e-27,3.124e-27,
202.377,4.595e-29,4.595e-29,
202.382,5.983e-31,5.983e-31,
202.387,6.892e-33,6.892e-33,
202.392,7.025e-35,7.025e-35,
202.397,6.337e-37,6.337e-37,
202.402,5.058e-39,5.058e-39,
202.407,3.573e-41,3.573e-41,
202.412,2.233e-43,2.233e-43,
202.417,1.235e-45,1.235e-45,
205.106,5.043e-47,5.043e-47,
205.111,9.199e-45,9.199e-45,
205.116,1.491e-42,1.491e-42,
205.121,2.145e-40,2.145e-40,
205.126,2.742e-38,2.742e-38,
205.131,3.113e-36,3.113e-36,
205.136,3.139e-34,3.139e-34,
205.141,2.811e-32,2.811e-32,
205.146,2.235e-30,2.235e-30,
205.151,1.579e-28,1.579e-28,
205.156,9.908e-27,9.908e-27,
205.161,5.521e-25,5.521e-25,
205.166,2.733e-23,2.733e-23,
205.171,1.201e-21,1.201e-21,
205.176,4.690e-20,4.690e-20,
205.181,1.626e-18,1.626e-18,
205.186,5.009e-17,5.009e-17,
205.191,1.370e-15,1.370e-15,
205.196,3.328e-14,3.328e-14,
205.201,7.182e-13,7.182e-13,
205.206,1.376e-11,1.376e-11,
205.211,2.343e-10,2.343e-10,
205.216,3.542e-9,3.542e-9,
205.221,4.756e-8,4.756e-8,
205.226,5.671e-7,5.671e-7,
205.231,6.007e-6,6.007e-6,
205.236,5.651e-5,5.651e-5,
205.241,4.721e-4,4.721e-4,
205.246,3.504e-3,3.504e-3,
205.251,2.309e-2,2.309e-2,
205.256,1.352e-1,1.352e-1,
205.261,7.028e-1,7.028e-1,
205.266,3.245e+0,3.245e+0,
205.271,1.331e+1,1.331e+1,
205.276,4.848e+1,4.848e+1,
205.281,1.569e+2,1.569e+2,
205.286,4.507e+2,4.507e+2,
205.291,1.150e+3,1.150e+3,
205.296,2.607e+3,2.607e+3,
205.301,5.249e+3,5.249e+3,
205.306,9.385e+3,9.385e+3,
205.311,1.490e+4,1.490e+4,
205.316,2.102e+4,2.102e+4,
205.321,2.634e+4,2.634e+4,
205.326,2.930e+4,2.930e+4,
205.331,2.896e+4,2.896e+4,
205.336,2.542e+4,2.542e+4,
205.341,1.981e+4,1.981e+4,
205.346,1.372e+4,1.372e+4,
205.351,8.435e+3,8.435e+3,
205.356,4.607e+3,4.607e+3,
205.361,2.235e+3,2.235e+3,
205.366,9.628e+2,9.628e+2,
205.371,3.684e+2,3.684e+2,
205.376,1.252e+2,1.252e+2,
205.381,3.779e+1,3.779e+1,
205.387,7.677e+0,7.677e+0,
205.392,1.785e+0,1.785e+0,
205.397,3.687e-1,3.687e-1,
205.402,6.762e-2,6.762e-2,
205.407,1.102e-2,1.102e-2,
205.412,1.594e-3,1.594e-3,
205.417,2.049e-4,2.049e-4,
205.422,2.338e-5,2.338e-5,
205.427,2.370e-6,2.370e-6,
205.432,2.134e-7,2.134e-7,
205.437,1.707e-8,1.707e-8,
205.442,1.212e-9,1.212e-9,
205.447,7.647e-11,7.647e-11,
205.452,4.285e-12,4.285e-12,
205.457,2.132e-13,2.132e-13,
205.462,9.424e-15,9.424e-15,
205.467,3.699e-16,3.699e-16,
205.472,1.290e-17,1.290e-17,
205.477,3.994e-19,3.994e-19,
205.482,1.098e-20,1.098e-20,
205.487,2.683e-22,2.683e-22,
205.492,5.820e-24,5.820e-24,
205.497,1.122e-25,1.122e-25,
205.502,1.919e-27,1.919e-27,
205.507,2.917e-29,2.917e-29,
205.512,3.938e-31,3.938e-31,
205.517,4.722e-33,4.722e-33,
205.522,5.029e-35,5.029e-35,
205.527,4.757e-37,4.757e-37,
205.532,3.996e-39,3.996e-39,
205.537,2.981e-41,2.981e-41,
205.542,1.976e-43,1.976e-43,
205.547,1.163e-45,1.163e-45,
216.774,4.605e-42,4.605e-42,
216.779,5.303e-40,5.303e-40,
216.784,5.492e-38,5.492e-38,
216.789,5.114e-36,5.114e-36,
216.794,4.283e-34,4.283e-34,
216.799,3.225e-32,3.225e-32,
216.804,2.184e-30,2.184e-30,
216.809,1.330e-28,1.330e-28,
216.814,7.285e-27,7.285e-27,
216.819,3.588e-25,3.588e-25,
216.824,1.589e-23,1.589e-23,
216.829,6.328e-22,6.328e-22,
216.834,2.266e-20,2.266e-20,
216.839,7.298e-19,7.298e-19,
216.844,2.114e-17,2.114e-17,
216.849,5.505e-16,5.505e-16,
216.854,1.289e-14,1.289e-14,
216.859,2.715e-13,2.715e-13,
216.864,5.142e-12,5.142e-12,
216.869,8.758e-11,8.758e-11,
216.874,1.341e-9,1.341e-9,
216.879,1.847e-8,1.847e-8,
216.884,2.288e-7,2.288e-7,
216.889,2.548e-6,2.548e-6,
216.894,2.552e-5,2.552e-5,
216.899,2.299e-4,2.299e-4,
216.904,1.862e-3,1.862e-3,
216.909,1.356e-2,1.356e-2,
216.914,8.881e-2,8.881e-2,
216.919,5.231e-1,5.231e-1,
216.924,2.771e+0,2.771e+0,
216.929,1.320e+1,1.320e+1,
216.934,5.652e+1,5.652e+1,
216.939,2.177e+2,2.177e+2,
216.944,7.541e+2,7.541e+2,
216.949,2.349e+3,2.349e+3,
216.954,6.579e+3,6.579e+3,
216.959,1.657e+4,1.657e+4,
216.964,3.753e+4,3.753e+4,
216.969,7.645e+4,7.645e+4,
216.974,1.400e+5,1.400e+5,
216.979,2.307e+5,2.307e+5,
216.984,3.416e+5,3.416e+5,
216.989,4.551e+5,4.551e+5,
216.994,5.451e+5,5.451e+5,
216.999,5.872e+5,5.872e+5,
217.004,5.688e+5,5.688e+5,
217.01,4.758e+5,4.758e+5,
217.015,3.649e+5,3.649e+5,
217.02,2.516e+5,2.516e+5,
217.025,1.560e+5,1.560e+5,
217.03,8.702e+4,8.702e+4,
217.035,4.364e+4,4.364e+4,
217.04,1.968e+4,1.968e+4,
217.045,7.981e+3,7.981e+3,
217.05,2.911e+3,2.911e+3,
217.055,9.545e+2,9.545e+2,
217.06,2.815e+2,2.815e+2,
217.065,7.465e+1,7.465e+1,
217.07,1.780e+1,1.780e+1,
217.075,3.818e+0,3.818e+0,
217.08,7.363e-1,7.363e-1,
217.085,1.277e-1,1.277e-1,
217.09,1.992e-2,1.992e-2,
217.095,2.793e-3,2.793e-3,
217.1,3.523e-4,3.523e-4,
217.105,3.995e-5,3.995e-5,
217.11,4.074e-6,4.074e-6,
217.115,3.737e-7,3.737e-7,
217.12,3.082e-8,3.082e-8,
217.125,2.286e-9,2.286e-9,
217.13,1.524e-10,1.524e-10,
217.135,9.143e-12,9.143e-12,
217.14,4.931e-13,4.931e-13,
217.145,2.392e-14,2.392e-14,
217.15,1.043e-15,1.043e-15,
217.155,4.091e-17,4.091e-17,
217.16,1.443e-18,1.443e-18,
217.165,4.577e-20,4.577e-20,
217.17,1.305e-21,1.305e-21,
217.175,3.348e-23,3.348e-23,
217.18,7.722e-25,7.722e-25,
217.185,1.602e-26,1.602e-26,
217.19,2.987e-28,2.987e-28,
217.195,5.011e-30,5.011e-30,
217.2,7.558e-32,7.558e-32,
217.205,1.025e-33,1.025e-33,
217.21,1.250e-35,1.250e-35,
217.215,1.372e-37,1.372e-37,
217.22,1.353e-39,1.353e-39,
217.225,1.200e-41,1.200e-41,
217.23,9.571e-44,9.571e-44,
220.125,5.216e-41,1.046e-41,5.216e-41
220.13,5.423e-39,1.048e-41,5.423e-39
220.135,5.087e-37,1.049e-41,5.087e-37
220.14,4.305e-35,1.051e-41,4.305e-35
220.145,3.287e-33,1.053e-41,3.287e-33
220.15,2.264e-31,1.055e-41,2.264e-31
220.155,1.406e-29,1.056e-41,1.406e-29
220.16,7.883e-28,1.058e-41,7.883e-28
220.165,3.987e-26,1.060e-41,3.987e-26
220.17,1.819e-24,1.062e-41,1.819e-24
220.175,7.485e-23,1.064e-41,7.485e-23
220.18,2.779e-21,1.065e-41,2.779e-21
220.185,9.309e-20,1.067e-41,9.309e-20
220.19,2.813e-18,1.069e-41,2.813e-18
220.195,7.669e-17,1.071e-41,7.669e-17
220.2,1.886e-15,1.073e-41,1.886e-15
220.205,4.185e-14,1.074e-41,4.185e-14
220.21,8.377e-13,1.076e-41,8.377e-13
220.215,1.513e-11,1.078e-41,1.513e-11
220.22,2.464e-10,1.080e-41,2.464e-10
220.225,3.622e-9,1.082e-41,3.622e-9
220.23,4.802e-8,1.083e-41,4.802e-8
220.235,5.744e-7,1.085e-41,5.744e-7
220.24,6.198e-6,1.087e-41,6.198e-6
220.245,6.034e-5,1.089e-41,6.034e-5
220.25,5.300e-4,1.090e-41,5.300e-4
220.255,4.199e-3,1.092e-41,4.199e-3
220.26,3.001e-2,1.094e-41,3.001e-2
220.265,1.935e-1,1.096e-41,1.935e-1
220.27,1.126e+0,1.098e-41,1.126e+0
220.275,5.909e+0,1.099e-41,5.909e+0
220.28,2.798e+1,1.101e-41,2.798e+1
220.285,1.195e+2,1.103e-41,1.195e+2
220.29,4.605e+2,1.105e-41,4.605e+2
220.295,1.601e+3,1.107e-41,1.601e+3
220.3,5.021e+3,1.108e-41,5.021e+3
220.305,1.421e+4,1.110e-41,1.421e+4
220.31,3.626e+4,1.112e-41,3.626e+4
220.315,8.350e+4,1.114e-41,8.350e+4
220.32,1.735e+5,1.116e-41,1.735e+5
220.325,3.251e+5,1.117e-41,3.251e+5
220.33,5.496e+5,1.119e-41,5.496e+5
220.335,8.383e+5,1.121e-41,8.383e+5
220.34,1.154e+6,1.123e-41,1.154e+6
220.345,1.432e+6,1.124e-41,1.432e+6
220.35,1.604e+6,1.126e-41,1.604e+6
220.355,1.620e+6,1.128e-41,1.620e+6
220.36,1.477e+6,1.130e-41,1.477e+6
220.365,1.215e+6,1.132e-41,1.215e+6
220.37,9.010e+5,1.133e-41,9.010e+5
220.376,5.496e+5,1.136e-41,5.496e+5
220.381,3.251e+5,1.137e-41,3.251e+5
220.386,1.735e+5,1.139e-41,1.735e+5
220.391,8.350e+4,1.141e-41,8.350e+4
220.396,3.626e+4,1.143e-41,3.626e+4
220.401,1.421e+4,1.145e-41,1.421e+4
220.406,5.021e+3,1.146e-41,5.021e+3
220.411,1.601e+3,1.148e-41,1.601e+3
220.416,4.605e+2,1.150e-41,4.605e+2
220.421,1.195e+2,1.152e-41,1.195e+2
220.426,2.798e+1,1.153e-41,2.798e+1
220.431,5.909e+0,1.155e-41,5.909e+0
220.436,1.126e+0,1.157e-41,1.126e+0
220.441,1.935e-1,1.159e-41,1.935e-1
220.446,3.001e-2,1.161e-41,3.001e-2
220.451,4.199e-3,1.162e-41,4.199e-3
220.456,5.300e-4,1.164e-41,5.300e-4
220.461,6.034e-5,1.166e-41,6.034e-5
220.466,6.198e-6,1.168e-41,6.198e-6
220.471,5.744e-7,1.170e-41,5.744e-7
220.476,4.802e-8,1.171e-41,4.802e-8
220.481,3.622e-9,1.173e-41,3.622e-9
220.486,2.464e-10,1.175e-41,2.464e-10
220.491,1.513e-11,1.177e-41,1.513e-11
220.496,8.377e-13,1.179e-41,8.377e-13
220.501,4.185e-14,1.180e-41,4.185e-14
220.506,1.886e-15,1.182e-41,1.886e-15
220.511,7.669e-17,1.184e-41,7.669e-17
220.516,2.813e-18,1.186e-41,2.813e-18
220.521,9.309e-20,1.187e-41,9.309e-20
220.526,2.779e-21,1.189e-41,2.779e-21
220.531,7.485e-23,1.191e-41,7.485e-23
220.536,1.819e-24,1.193e-41,1.819e-24
220.541,3.987e-26,1.195e-41,3.987e-26
220.546,7.883e-28,1.196e-41,7.883e-28
220.551,1.406e-29,1.198e-41,1.406e-29
220.556,2.264e-31,1.200e-41,2.264e-31
220.561,3.287e-33,1.202e-41,3.287e-33
220.566,4.305e-35,1.204e-41,4.305e-35
220.571,5.087e-37,1.205e-41,5.087e-37
220.576,5.423e-39,1.207e-41,5.423e-39
220.581,5.216e-41,1.209e-41,5.216e-41
239.95,8.142e-41,8.142e-41,
239.955,5.353e-39,5.353e-39,
239.96,3.228e-37,3.228e-37,
239.965,1.785e-35,1.785e-35,
239.97,9.049e-34,9.049e-34,
239.975,4.207e-32,4.207e-32,
239.98,1.794e-30,1.794e-30,
239.985,7.012e-29,7.012e-29,
239.99,2.513e-27,2.513e-27,
239.995,8.262e-26,8.262e-26,
240,2.491e-24,2.491e-24,
240.005,6.884e-23,6.884e-23,
240.01,1.745e-21,1.745e-21,
240.015,4.055e-20,4.055e-20,
240.02,8.643e-19,8.643e-19,
240.025,1.689e-17,1.689e-17,
240.03,3.027e-16,3.027e-16,
240.035,4.974e-15,4.974e-15,
240.04,7.495e-14,7.495e-14,
240.045,1.036e-12,1.036e-12,
240.05,1.312e-11,1.312e-11,
240.055,1.525e-10,1.525e-10,
240.06,1.625e-9,1.625e-9,
240.065,1.587e-8,1.587e-8,
240.07,1.422e-7,1.422e-7,
240.075,1.168e-6,1.168e-6,
240.08,8.799e-6,8.799e-6,
240.085,6.078e-5,6.078e-5,
240.09,3.850e-4,3.850e-4,
240.095,2.236e-3,2.236e-3,
240.1,1.191e-2,1.191e-2,
240.105,5.818e-2,5.818e-2,
240.11,2.605e-1,2.605e-1,
240.115,1.070e+0,1.070e+0,
240.12,4.030e+0,4.030e+0,
240.125,1.391e+1,1.391e+1,
240.13,4.406e+1,4.406e+1,
240.135,1.279e+2,1.279e+2,
240.14,3.407e+2,3.407e+2,
240.145,8.318e+2,8.318e+2,
240.15,1.862e+3,1.862e+3,
240.155,3.823e+3,3.823e+3,
240.16,7.198e+3,7.198e+3,
240.165,1.243e+4,1.243e+4,
240.17,1.967e+4,1.967e+4,
240.175,2.855e+4,2.855e+4,
240.18,3.801e+4,3.801e+4,
240.185,4.639e+4,4.639e+4,
240.19,5.192e+4,5.192e+4,
240.195,5.329e+4,5.329e+4,
240.2,5.015e+4,5.015e+4,
240.205,4.328e+4,4.328e+4,
240.21,3.425e+4,3.425e+4,
240.215,2.486e+4,2.486e+4,
240.22,1.654e+4,1.654e+4,
240.225,1.009e+4,1.009e+4,
240.23,5.647e+3,5.647e+3,
240.235,2.897e+3,2.897e+3,
240.24,1.363e+3,1.363e+3,
240.245,5.881e+2,5.881e+2,
240.25,2.327e+2,2.327e+2,
240.256,6.820e+1,6.820e+1,
240.261,2.230e+1,2.230e+1,
240.266,6.684e+0,6.684e+0,
240.271,1.838e+0,1.838e+0,
240.276,4.632e-1,4.632e-1,
240.281,1.071e-1,1.071e-1,
240.286,2.270e-2,2.270e-2,
240.291,4.412e-3,4.412e-3,
240.296,7.864e-4,7.864e-4,
240.301,1.285e-4,1.285e-4,
240.306,1.926e-5,1.926e-5,
240.311,2.647e-6,2.647e-6,
240.316,3.336e-7,3.336e-7,
240.321,3.855e-8,3.855e-8,
240.326,4.085e-9,4.085e-9,
240.331,3.969e-10,3.969e-10,
240.336,3.537e-11,3.537e-11,
240.341,2.890e-12,2.890e-12,
240.346,2.165e-13,2.165e-13,
240.351,1.488e-14,1.488e-14,
240.356,9.371e-16,9.371e-16,
240.361,5.414e-17,5.414e-17,
240.366,2.868e-18,2.868e-18,
240.371,1.393e-19,1.393e-19,
240.376,6.205e-21,6.205e-21,
240.381,2.535e-22,2.535e-22,
240.386,9.493e-24,9.493e-24,
240.391,3.261e-25,3.261e-25,
240.396,1.027e-26,1.027e-26,
240.401,2.966e-28,2.966e-28,
240.406,7.854e-30,7.854e-30,
240.411,1.907e-31,1.907e-31,
240.416,4.247e-33,4.247e-33,
240.421,8.672e-35,8.672e-35,
240.426,1.624e-36,1.624e-36,
240.431,2.788e-38,2.788e-38,
244.374,2.790e-39,2.790e-39,
244.379,1.579e-37,1.579e-37,
244.384,8.220e-36,8.220e-36,
244.389,3.936e-34,3.936e-34,
244.394,1.734e-32,1.734e-32,
244.399,7.024e-31,7.024e-31,
244.404,2.618e-29,2.618e-29,
244.409,8.973e-28,8.973e-28,
244.414,2.829e-26,2.829e-26,
244.419,8.206e-25,8.206e-25,
244.424,2.189e-23,2.189e-23,
244.429,5.373e-22,5.373e-22,
244.434,1.213e-20,1.213e-20,
244.439,2.518e-19,2.518e-19,
244.444,4.809e-18,4.809e-18,
244.449,8.449e-17,8.449e-17,
244.454,1.365e-15,1.365e-15,
244.459,2.029e-14,2.029e-14,
244.464,2.775e-13,2.775e-13,
244.469,3.490e-12,3.490e-12,
244.474,4.037e-11,4.037e-11,
244.479,4.296e-10,4.296e-10,
244.484,4.205e-9,4.205e-9,
244.489,3.786e-8,3.786e-8,
244.494,3.135e-7,3.135e-7,
244.499,2.388e-6,2.388e-6,
244.504,1.673e-5,1.673e-5,
244.509,1.079e-4,1.079e-4,
244.514,6.395e-4,6.395e-4,
244.519,3.487e-3,3.487e-3,
244.524,1.749e-2,1.749e-2,
244.529,8.072e-2,8.072e-2,
244.534,3.426e-1,3.426e-1,
244.54,1.739e+0,1.739e+0,
244.545,6.140e+0,6.140e+0,
244.55,1.995e+1,1.995e+1,
244.555,5.960e+1,5.960e+1,
244.56,1.638e+2,1.638e+2,
244.565,4.142e+2,4.142e+2,
244.57,9.632e+2,9.632e+2,
244.575,2.060e+3,2.060e+3,
244.58,4.054e+3,4.054e+3,
244.585,7.337e+3,7.337e+3,
244.59,1.221e+4,1.221e+4,
244.595,1.871e+4,1.871e+4,
244.6,2.635e+4,2.635e+4,
244.605,3.414e+4,3.414e+4,
244.61,4.069e+4,4.069e+4,
244.615,4.460e+4,4.460e+4,
244.62,4.498e+4,4.498e+4,
244.625,4.172e+4,4.172e+4,
244.63,3.559e+4,3.559e+4,
244.635,2.794e+4,2.794e+4,
244.64,2.017e+4,2.017e+4,
244.645,1.339e+4,1.339e+4,
244.65,8.179e+3,8.179e+3,
244.655,4.595e+3,4.595e+3,
244.66,2.375e+3,2.375e+3,
244.665,1.129e+3,1.129e+3,
244.67,4.936e+2,4.936e+2,
244.675,1.985e+2,1.985e+2,
244.68,7.345e+1,7.345e+1,
244.685,2.500e+1,2.500e+1,
244.69,7.824e+0,7.824e+0,
244.695,2.253e+0,2.253e+0,
244.7,5.967e-1,5.967e-1,
244.705,1.454e-1,1.454e-1,
244.71,3.257e-2,3.257e-2,
244.715,6.714e-3,6.714e-3,
244.72,1.273e-3,1.273e-3,
244.725,2.220e-4,2.220e-4,
244.73,3.562e-5,3.562e-5,
244.735,5.256e-6,5.256e-6,
244.74,7.134e-7,7.134e-7,
244.745,8.907e-8,8.907e-8,
244.75,1.023e-8,1.023e-8,
244.755,1.081e-9,1.081e-9,
244.76,1.050e-10,1.050e-10,
244.765,9.385e-12,9.385e-12,
244.77,7.716e-13,7.716e-13,
244.775,5.835e-14,5.835e-14,
244.78,4.059e-15,4.059e-15,
244.785,2.597e-16,2.597e-16,
244.79,1.529e-17,1.529e-17,
244.795,8.276e-19,8.276e-19,
244.8,4.121e-20,4.121e-20,
244.805,1.888e-21,1.888e-21,
244.81,7.954e-23,7.954e-23,
244.815,3.083e-24,3.083e-24,
244.82,1.099e-25,1.099e-25,
244.825,3.604e-27,3.604e-27,
244.83,1.087e-28,1.087e-28,
244.835,3.016e-30,3.016e-30,
244.84,7.698e-32,7.698e-32,
244.846,8.448e-34,8.448e-34,
244.851,1.794e-35,1.794e-35,
244.856,3.504e-37,3.504e-37,
244.861,6.296e-39,6.296e-39,
247.389,1.382e-39,1.382e-39,
247.394,7.695e-38,7.695e-38,
247.399,3.949e-36,3.949e-36,
247.404,1.868e-34,1.868e-34,
247.409,8.144e-33,8.144e-33,
247.414,3.272e-31,3.272e-31,
247.419,1.212e-29,1.212e-29,
247.424,4.138e-28,4.138e-28,
247.429,1.302e-26,1.302e-26,
247.434,3.776e-25,3.776e-25,
247.439,1.009e-23,1.009e-23,
247.444,2.487e-22,2.487e-22,
247.449,5.647e-21,5.647e-21,
247.454,1.182e-19,1.182e-19,
247.459,2.280e-18,2.280e-18,
247.464,4.054e-17,4.054e-17,
247.469,6.644e-16,6.644e-16,
247.474,1.004e-14,1.004e-14,
247.479,1.397e-13,1.397e-13,
247.484,1.793e-12,1.793e-12,
247.489,2.121e-11,2.121e-11,
247.494,2.312e-10,2.312e-10,
247.499,2.323e-9,2.323e-9,
247.504,2.152e-8,2.152e-8,
247.509,1.837e-7,1.837e-7,
247.514,1.445e-6,1.445e-6,
247.519,1.048e-5,1.048e-5,
247.524,7.005e-5,7.005e-5,
247.529,4.316e-4,4.316e-4,
247.534,2.451e-3,2.451e-3,
247.539,1.283e-2,1.283e-2,
247.544,6.187e-2,6.187e-2,
247.549,2.751e-1,2.751e-1,
247.554,1.127e+0,1.127e+0,
247.559,4.259e+0,4.259e+0,
247.564,1.483e+1,1.483e+1,
247.569,4.758e+1,4.758e+1,
247.574,1.407e+2,1.407e+2,
247.579,3.836e+2,3.836e+2,
247.584,9.638e+2,9.638e+2,
247.589,2.232e+3,2.232e+3,
247.595,5.491e+3,5.491e+3,
247.6,1.063e+4,1.063e+4,
247.605,1.896e+4,1.896e+4,
247.61,3.118e+4,3.118e+4,
247.615,4.726e+4,4.726e+4,
247.62,6.601e+4,6.601e+4,
247.625,8.500e+4,8.500e+4,
247.63,1.009e+5,1.009e+5,
247.635,1.103e+5,1.103e+5,
247.64,1.112e+5,1.112e+5,
247.645,1.034e+5,1.034e+5,
247.65,8.853e+4,8.853e+4,
247.655,6.989e+4,6.989e+4,
247.66,5.085e+4,5.085e+4,
247.665,3.410e+4,3.410e+4,
247.67,2.108e+4,2.108e+4,
247.675,1.201e+4,1.201e+4,
247.68,6.307e+3,6.307e+3,
247.685,3.053e+3,3.053e+3,
247.69,1.362e+3,1.362e+3,
247.695,5.600e+2,5.600e+2,
247.7,2.122e+2,2.122e+2,
247.705,7.413e+1,7.413e+1,
247.71,2.387e+1,2.387e+1,
247.715,7.083e+0,7.083e+0,
247.72,1.937e+0,1.937e+0,
247.725,4.884e-1,4.884e-1,
247.73,1.135e-1,1.135e-1,
247.735,2.431e-2,2.431e-2,
247.74,4.798e-3,4.798e-3,
247.745,8.730e-4,8.730e-4,
247.75,1.464e-4,1.464e-4,
247.755,2.263e-5,2.263e-5,
247.76,3.224e-6,3.224e-6,
247.765,4.233e-7,4.233e-7,
247.77,5.123e-8,5.123e-8,
247.775,5.715e-9,5.715e-9,
247.78,5.876e-10,5.876e-10,
247.785,5.569e-11,5.569e-11,
247.79,4.864e-12,4.864e-12,
247.795,3.916e-13,3.916e-13,
247.8,2.906e-14,2.906e-14,
247.805,1.988e-15,1.988e-15,
247.81,1.253e-16,1.253e-16,
247.815,7.280e-18,7.280e-18,
247.82,3.899e-19,3.899e-19,
247.825,1.925e-20,1.925e-20,
247.83,8.756e-22,8.756e-22,
247.835,3.672e-23,3.672e-23,
247.84,1.419e-24,1.419e-24,
247.845,5.056e-26,5.056e-26,
247.85,1.660e-27,1.660e-27,
247.855,5.024e-29,5.024e-29,
247.86,1.401e-30,1.401e-30,
247.865,3.603e-32,3.603e-32,
247.87,8.539e-34,8.539e-34,
247.875,1.865e-35,1.865e-35,
247.88,3.755e-37,3.755e-37,
257.472,6.940e-38,6.940e-38,
257.477,3.060e-36,3.060e-36,
257.482,1.252e-34,1.252e-34,
257.487,4.748e-33,4.748e-33,
257.492,1.670e-31,1.670e-31,
257.497,5.450e-30,5.450e-30,
257.502,1.649e-28,1.649e-28,
257.507,4.630e-27,4.630e-27,
257.512,1.205e-25,1.205e-25,
257.517,2.911e-24,2.911e-24,
257.522,6.519e-23,6.519e-23,
257.527,1.354e-21,1.354e-21,
257.532,2.609e-20,2.609e-20,
257.537,4.662e-19,4.662e-19,
257.542,7.726e-18,7.726e-18,
257.547,1.188e-16,1.188e-16,
257.552,1.693e-15,1.693e-15,
257.557,2.239e-14,2.239e-14,
257.562,2.746e-13,2.746e-13,
257.567,3.123e-12,3.123e-12,
257.572,3.295e-11,3.295e-11,
257.577,3.224e-10,3.224e-10,
257.582,2.926e-9,2.926e-9,
257.587,2.463e-8,2.463e-8,
257.592,1.923e-7,1.923e-7,
257.597,1.392e-6,1.392e-6,
257.602,9.350e-6,9.350e-6,
257.607,5.824e-5,5.824e-5,
257.612,3.365e-4,3.365e-4,
257.617,1.803e-3,1.803e-3,
257.622,8.960e-3,8.960e-3,
257.627,4.130e-2,4.130e-2,
257.632,1.766e-1,1.766e-1,
257.637,7.001e-1,7.001e-1,
257.642,2.575e+0,2.575e+0,
257.647,8.782e+0,8.782e+0,
257.652,2.778e+1,2.778e+1,
257.657,8.152e+1,8.152e+1,
257.662,2.218e+2,2.218e+2,
257.667,5.600e+2,5.600e+2,
257.672,1.311e+3,1.311e+3,
257.677,2.846e+3,2.846e+3,
257.682,5.732e+3,5.732e+3,
257.688,1.202e+4,1.202e+4,
257.693,2.052e+4,2.052e+4,
257.698,3.248e+4,3.248e+4,
257.703,4.767e+4,4.767e+4,
257.708,6.491e+4,6.491e+4,
257.713,8.197e+4,8.197e+4,
257.718,9.601e+4,9.601e+4,
257.723,1.043e+5,1.043e+5,
257.728,1.051e+5,1.051e+5,
257.733,9.820e+4,9.820e+4,
257.738,8.512e+4,8.512e+4,
257.743,6.842e+4,6.842e+4,
257.748,5.102e+4,5.102e+4,
257.753,3.528e+4,3.528e+4,
257.758,2.263e+4,2.263e+4,
257.763,1.346e+4,1.346e+4,
257.768,7.427e+3,7.427e+3,
257.773,3.801e+3,3.801e+3,
257.778,1.804e+3,1.804e+3,
257.783,7.941e+2,7.941e+2,
257.788,3.242e+2,3.242e+2,
257.793,1.228e+2,1.228e+2,
257.798,4.312e+1,4.312e+1,
257.803,1.405e+1,1.405e+1,
257.808,4.244e+0,4.244e+0,
257.813,1.189e+0,1.189e+0,
257.818,3.091e-1,3.091e-1,
257.823,7.451e-2,7.451e-2,
257.828,1.666e-2,1.666e-2,
257.833,3.455e-3,3.455e-3,
257.838,6.644e-4,6.644e-4,
257.843,1.185e-4,1.185e-4,
257.848,1.961e-5,1.961e-5,
257.853,3.009e-6,3.009e-6,
257.858,4.283e-7,4.283e-7,
257.863,5.654e-8,5.654e-8,
257.868,6.922e-9,6.922e-9,
257.873,7.860e-10,7.860e-10,
257.878,8.279e-11,8.279e-11,
257.883,8.087e-12,8.087e-12,
257.888,7.327e-13,7.327e-13,
257.893,6.157e-14,6.157e-14,
257.898,4.799e-15,4.799e-15,
257.903,3.469e-16,3.469e-16,
257.908,2.326e-17,2.326e-17,
257.913,1.446e-18,1.446e-18,
257.918,8.341e-20,8.341e-20,
257.923,4.462e-21,4.462e-21,
257.928,2.214e-22,2.214e-22,
257.933,1.019e-23,1.019e-23,
257.938,4.347e-25,4.347e-25,
257.943,1.721e-26,1.721e-26,
257.948,6.318e-28,6.318e-28,
257.953,2.151e-29,2.151e-29,
257.958,6.795e-31,6.795e-31,
257.963,1.990e-32,1.990e-32,
257.968,5.407e-34,5.407e-34,
257.973,1.363e-35,1.363e-35,
261.109,7.468e-38,7.468e-38,
261.114,3.099e-36,3.099e-36,
261.119,1.195e-34,1.195e-34,
261.124,4.284e-33,4.284e-33,
261.129,1.427e-31,1.427e-31,
261.134,4.419e-30,4.419e-30,
261.139,1.272e-28,1.272e-28,
261.144,3.401e-27,3.401e-27,
261.149,8.454e-26,8.454e-26,
261.154,1.953e-24,1.953e-24,
261.159,4.194e-23,4.194e-23,
261.164,8.371e-22,8.371e-22,
261.169,1.553e-20,1.553e-20,
261.174,2.677e-19,2.677e-19,
261.179,4.289e-18,4.289e-18,
261.184,6.388e-17,6.388e-17,
261.189,8.841e-16,8.841e-16,
261.194,1.137e-14,1.137e-14,
261.199,1.360e-13,1.360e-13,
261.204,1.511e-12,1.511e-12,
261.209,1.561e-11,1.561e-11,
261.214,1.498e-10,1.498e-10,
261.219,1.337e-9,1.337e-9,
261.224,1.108e-8,1.108e-8,
261.229,8.542e-8,8.542e-8,
261.234,6.119e-7,6.119e-7,
261.239,4.073e-6,4.073e-6,
261.244,2.520e-5,2.520e-5,
261.249,1.449e-4,1.449e-4,
261.254,7.747e-4,7.747e-4,
261.259,3.848e-3,3.848e-3,
261.264,1.777e-2,1.777e-2,
261.269,7.624e-2,7.624e-2,
261.274,3.041e-1,3.041e-1,
261.279,1.127e+0,1.127e+0,
261.284,3.883e+0,3.883e+0,
261.289,1.243e+1,1.243e+1,
261.294,3.701e+1,3.701e+1,
261.299,1.024e+2,1.024e+2,
261.304,2.631e+2,2.631e+2,
261.309,6.287e+2,6.287e+2,
261.314,1.396e+3,1.396e+3,
261.319,2.882e+3,2.882e+3,
261.324,5.531e+3,5.531e+3,
261.329,9.868e+3,9.868e+3,
261.334,1.638e+4,1.638e+4,
261.339,2.530e+4,2.530e+4,
261.344,3.645e+4,3.645e+4,
261.349,4.916e+4,4.916e+4,
261.354,6.252e+4,6.252e+4,
261.36,7.882e+4,7.882e+4,
261.365,9.400e+4,9.400e+4,
261.37,1.147e+5,1.147e+5,
261.375,1.480e+5,1.480e+5,
261.38,2.030e+5,2.030e+5,
261.385,2.884e+5,2.884e+5,
261.39,4.092e+5,4.092e+5,
261.395,5.620e+5,5.620e+5,
261.4,7.326e+5,7.326e+5,
261.405,8.970e+5,8.970e+5,
261.41,1.026e+6,1.026e+6,
261.415,1.093e+6,1.093e+6,
261.42,1.084e+6,1.084e+6,
261.425,1.000e+6,1.000e+6,
261.43,8.574e+5,8.574e+5,
261.435,6.833e+5,6.833e+5,
261.44,5.062e+5,5.062e+5,
261.445,3.485e+5,3.485e+5,
261.45,2.231e+5,2.231e+5,
261.455,1.327e+5,1.327e+5,
261.46,7.336e+4,7.336e+4,
261.465,3.770e+4,3.770e+4,
261.47,1.800e+4,1.800e+4,
261.475,7.992e+3,7.992e+3,
261.48,3.297e+3,3.297e+3,
261.485,1.265e+3,1.265e+3,
261.49,4.507e+2,4.507e+2,
261.495,1.493e+2,1.493e+2,
261.5,4.598e+1,4.598e+1,
261.505,1.316e+1,1.316e+1,
261.51,3.500e+0,3.500e+0,
261.515,8.653e-1,8.653e-1,
261.52,1.988e-1,1.988e-1,
261.525,4.246e-2,4.246e-2,
261.53,8.429e-3,8.429e-3,
261.535,1.555e-3,1.555e-3,
261.54,2.667e-4,2.667e-4,
261.545,4.251e-5,4.251e-5,
261.55,6.297e-6,6.297e-6,
261.555,8.670e-7,8.670e-7,
261.56,1.110e-7,1.110e-7,
261.565,1.320e-8,1.320e-8,
261.57,1.459e-9,1.459e-9,
261.575,1.499e-10,1.499e-10,
261.58,1.432e-11,1.432e-11,
261.585,1.271e-12,1.271e-12,
261.59,1.049e-13,1.049e-13,
261.595,8.041e-15,8.041e-15,
261.6,5.731e-16,5.731e-16,
261.605,3.797e-17,3.797e-17,
261.61,2.338e-18,2.338e-18,
261.615,1.338e-19,1.338e-19,
261.62,7.115e-21,7.115e-21,
261.625,3.518e-22,3.518e-22,
261.63,1.616e-23,1.616e-23,
261.635,6.903e-25,6.903e-25,
261.64,2.740e-26,2.740e-26,
261.645,1.011e-27,1.011e-27,
261.65,3.466e-29,3.466e-29,
261.655,1.105e-30,1.105e-30,
261.66,3.272e-32,3.272e-32,
261.666,4.354e-34,4.354e-34,
261.671,1.098e-35,1.098e-35,
262.568,1.315e-38,1.315e-38,
262.573,5.312e-37,5.312e-37,
262.578,1.996e-35,1.996e-35,
262.584,1.408e-33,1.408e-33,
262.589,4.511e-32,4.511e-32,
262.594,1.345e-30,1.345e-30,
262.599,3.728e-29,3.728e-29,
262.604,9.614e-28,9.614e-28,
262.609,2.306e-26,2.306e-26,
262.614,5.146e-25,5.146e-25,
262.619,1.068e-23,1.068e-23,
262.624,2.062e-22,2.062e-22,
262.629,3.703e-21,3.703e-21,
262.634,6.186e-20,6.186e-20,
262.639,9.612e-19,9.612e-19,
262.644,1.389e-17,1.389e-17,
262.649,1.868e-16,1.868e-16,
262.654,2.336e-15,2.336e-15,
262.659,2.717e-14,2.717e-14,
262.664,2.939e-13,2.939e-13,
262.669,2.958e-12,2.958e-12,
262.674,2.769e-11,2.769e-11,
262.679,2.412e-10,2.412e-10,
262.684,1.953e-9,1.953e-9,
262.689,1.472e-8,1.472e-8,
262.694,1.031e-7,1.031e-7,
262.699,6.724e-7,6.724e-7,
262.704,4.077e-6,4.077e-6,
262.709,2.300e-5,2.300e-5,
262.714,1.206e-4,1.206e-4,
262.719,5.888e-4,5.888e-4,
262.724,2.673e-3,2.673e-3,
262.729,1.129e-2,1.129e-2,
262.734,4.432e-2,4.432e-2,
262.739,1.619e-1,1.619e-1,
262.744,5.503e-1,5.503e-1,
262.749,1.739e+0,1.739e+0,
262.754,5.114e+0,5.114e+0,
262.759,1.399e+1,1.399e+1,
262.764,3.558e+1,3.558e+1,
262.769,8.420e+1,8.420e+1,
262.774,1.853e+2,1.853e+2,
262.779,3.795e+2,3.795e+2,
262.784,7.227e+2,7.227e+2,
262.789,1.280e+3,1.280e+3,
262.794,2.110e+3,2.110e+3,
262.799,3.233e+3,3.233e+3,
262.804,4.610e+3,4.610e+3,
262.809,6.114e+3,6.114e+3,
262.814,7.542e+3,7.542e+3,
262.819,8.653e+3,8.653e+3,
262.824,9.236e+3,9.236e+3,
262.829,9.169e+3,9.169e+3,
262.834,8.468e+3,8.468e+3,
262.839,7.273e+3,7.273e+3,
262.844,5.812e+3,5.812e+3,
262.849,4.319e+3,4.319e+3,
262.854,2.986e+3,2.986e+3,
262.859,1.920e+3,1.920e+3,
262.864,1.149e+3,1.149e+3,
262.869,6.390e+2,6.390e+2,
262.874,3.307e+2,3.307e+2,
262.879,1.592e+2,1.592e+2,
262.884,7.129e+1,7.129e+1,
262.89,2.471e+1,2.471e+1,
262.895,9.435e+0,9.435e+0,
262.9,3.351e+0,3.351e+0,
262.905,1.107e+0,1.107e+0,
262.91,3.403e-1,3.403e-1,
262.915,9.728e-2,9.728e-2,
262.92,2.587e-2,2.587e-2,
262.925,6.398e-3,6.398e-3,
262.93,1.472e-3,1.472e-3,
262.935,3.150e-4,3.150e-4,
262.94,6.271e-5,6.271e-5,
262.945,1.161e-5,1.161e-5,
262.95,2.000e-6,2.000e-6,
262.955,3.204e-7,3.204e-7,
262.96,4.775e-8,4.775e-8,
262.965,6.619e-9,6.619e-9,
262.97,8.534e-10,8.534e-10,
262.975,1.024e-10,1.024e-10,
262.98,1.142e-11,1.142e-11,
262.985,1.185e-12,1.185e-12,
262.99,1.144e-13,1.144e-13,
262.995,1.027e-14,1.027e-14,
263,8.577e-16,8.577e-16,
263.005,6.663e-17,6.663e-17,
263.01,4.815e-18,4.815e-18,
263.015,3.236e-19,3.236e-19,
263.02,2.023e-20,2.023e-20,
263.025,1.177e-21,1.177e-21,
263.03,6.365e-23,6.365e-23,
263.035,3.203e-24,3.203e-24,
263.04,1.499e-25,1.499e-25,
263.045,6.526e-27,6.526e-27,
263.05,2.643e-28,2.643e-28,
263.055,9.956e-30,9.956e-30,
263.06,3.488e-31,3.488e-31,
263.065,1.137e-32,1.137e-32,
263.07,3.447e-34,3.447e-34,
263.075,9.720e-36,9.720e-36,
263.08,2.550e-37,2.550e-37,
266.055,1.083e-36,1.083e-36,
266.06,4.086e-35,4.086e-35,
266.065,1.437e-33,1.437e-33,
266.07,4.709e-32,4.709e-32,
266.075,1.438e-30,1.438e-30,
266.08,4.094e-29,4.094e-29,
266.085,1.086e-27,1.086e-27,
266.09,2.685e-26,2.685e-26,
266.095,6.186e-25,6.186e-25,
266.1,1.328e-23,1.328e-23,
266.105,2.657e-22,2.657e-22,
266.11,4.955e-21,4.955e-21,
266.115,8.611e-20,8.611e-20,
266.12,1.394e-18,1.394e-18,
266.125,2.105e-17,2.105e-17,
266.13,2.960e-16,2.960e-16,
266.135,3.880e-15,3.880e-15,
266.14,4.739e-14,4.739e-14,
266.145,5.395e-13,5.395e-13,
266.15,5.724e-12,5.724e-12,
266.155,5.659e-11,5.659e-11,
266.16,5.214e-10,5.214e-10,
266.165,4.477e-9,4.477e-9,
266.17,3.582e-8,3.582e-8,
266.175,2.672e-7,2.672e-7,
266.18,1.857e-6,1.857e-6,
266.185,1.202e-5,1.202e-5,
266.19,7.258e-5,7.258e-5,
266.195,4.082e-4,4.082e-4,
266.2,2.140e-3,2.140e-3,
266.205,1.045e-2,1.045e-2,
266.21,4.760e-2,4.760e-2,
266.215,2.019e-1,2.019e-1,
266.22,7.984e-1,7.984e-1,
266.225,2.942e+0,2.942e+0,
266.23,1.010e+1,1.010e+1,
266.235,3.233e+1,3.233e+1,
266.24,9.643e+1,9.643e+1,
266.245,2.680e+2,2.680e+2,
266.25,6.942e+2,6.942e+2,
266.256,1.982e+3,1.982e+3,
266.261,4.396e+3,4.396e+3,
266.266,9.086e+3,9.086e+3,
266.271,1.750e+4,1.750e+4,
266.276,3.142e+4,3.142e+4,
266.281,5.257e+4,5.257e+4,
266.286,8.196e+4,8.196e+4,
266.291,1.191e+5,1.191e+5,
266.296,1.613e+5,1.613e+5,
266.301,2.035e+5,2.035e+5,
266.306,2.393e+5,2.393e+5,
266.311,2.623e+5,2.623e+5,
266.316,2.679e+5,2.679e+5,
266.321,2.550e+5,2.550e+5,
266.326,2.262e+5,2.262e+5,
266.331,1.870e+5,1.870e+5,
266.336,1.441e+5,1.441e+5,
266.341,1.034e+5,1.034e+5,
266.346,6.921e+4,6.921e+4,
266.351,4.315e+4,4.315e+4,
266.356,2.508e+4,2.508e+4,
266.361,1.358e+4,1.358e+4,
266.366,6.853e+3,6.853e+3,
266.371,3.223e+3,3.223e+3,
266.376,1.413e+3,1.413e+3,
266.381,5.771e+2,5.771e+2,
266.386,2.197e+2,2.197e+2,
266.391,7.794e+1,7.794e+1,
266.396,2.577e+1,2.577e+1,
266.401,7.939e+0,7.939e+0,
266.406,2.279e+0,2.279e+0,
266.411,6.099e-1,6.099e-1,
266.416,1.521e-1,1.521e-1,
266.421,3.535e-2,3.535e-2,
266.426,7.656e-3,7.656e-3,
266.431,1.545e-3,1.545e-3,
266.436,2.906e-4,2.906e-4,
266.441,5.095e-5,5.095e-5,
266.446,8.323e-6,8.323e-6,
266.451,1.267e-6,1.267e-6,
266.456,1.798e-7,1.798e-7,
266.461,2.377e-8,2.377e-8,
266.466,2.929e-9,2.929e-9,
266.471,3.363e-10,3.363e-10,
266.476,3.599e-11,3.599e-11,
266.481,3.589e-12,3.589e-12,
266.486,3.336e-13,3.336e-13,
266.491,2.889e-14,2.889e-14,
266.496,2.332e-15,2.332e-15,
266.501,1.754e-16,1.754e-16,
266.506,1.230e-17,1.230e-17,
266.511,8.035e-19,8.035e-19,
266.516,4.892e-20,4.892e-20,
266.521,2.776e-21,2.776e-21,
266.526,1.468e-22,1.468e-22,
266.531,7.233e-24,7.233e-24,
266.536,3.322e-25,3.322e-25,
266.541,1.422e-26,1.422e-26,
266.546,5.670e-28,5.670e-28,
266.551,2.108e-29,2.108e-29,
266.556,7.300e-31,7.300e-31,
266.562,1.176e-32,1.176e-32,
266.567,3.488e-34,3.488e-34,
279.935,1.601e-33,1.601e-33,
279.94,4.533e-32,4.533e-32,
279.945,1.204e-30,1.204e-30,
279.95,3.002e-29,3.002e-29,
279.955,7.023e-28,7.023e-28,
279.96,1.541e-26,1.541e-26,
279.965,3.175e-25,3.175e-25,
279.97,6.135e-24,6.135e-24,
279.975,1.112e-22,1.112e-22,
279.98,1.892e-21,1.892e-21,
279.985,3.021e-20,3.021e-20,
279.99,4.525e-19,4.525e-19,
279.995,6.359e-18,6.359e-18,
280,8.386e-17,8.386e-17,
280.005,1.038e-15,1.038e-15,
280.01,1.205e-14,1.205e-14,
280.016,2.100e-13,2.100e-13,
280.021,2.119e-12,2.119e-12,
280.026,2.007e-11,2.007e-11,
280.031,1.783e-10,1.783e-10,
280.036,1.486e-9,1.486e-9,
280.041,1.163e-8,1.163e-8,
280.046,8.534e-8,8.534e-8,
280.051,5.878e-7,5.878e-7,
280.056,3.798e-6,3.798e-6,
280.061,2.303e-5,2.303e-5,
280.066,1.310e-4,1.310e-4,
280.071,6.995e-4,6.995e-4,
280.076,3.504e-3,3.504e-3,
280.081,1.647e-2,1.647e-2,
280.086,7.261e-2,7.261e-2,
280.091,3.005e-1,3.005e-1,
280.096,1.167e+0,1.167e+0,
280.101,4.250e+0,4.250e+0,
280.106,1.453e+1,1.453e+1,
280.111,4.659e+1,4.659e+1,
280.116,1.402e+2,1.402e+2,
280.121,3.959e+2,3.959e+2,
280.126,1.049e+3,1.049e+3,
280.131,2.608e+3,2.608e+3,
280.136,6.083e+3,6.083e+3,
280.141,1.331e+4,1.331e+4,
280.146,2.734e+4,2.734e+4,
280.151,5.269e+4,5.269e+4,
280.156,9.527e+4,9.527e+4,
280.161,1.616e+5,1.616e+5,
280.166,2.573e+5,2.573e+5,
280.171,3.843e+5,3.843e+5,
280.176,5.386e+5,5.386e+5,
280.181,7.082e+5,7.082e+5,
280.186,8.739e+5,8.739e+5,
280.191,1.012e+6,1.012e+6,
280.196,1.099e+6,1.099e+6,
280.201,1.120e+6,1.120e+6,
280.206,1.071e+6,1.071e+6,
280.211,9.615e+5,9.615e+5,
280.216,8.096e+5,8.096e+5,
280.221,6.396e+5,6.396e+5,
280.226,4.742e+5,4.742e+5,
280.231,3.298e+5,3.298e+5,
280.236,2.153e+5,2.153e+5,
280.241,1.318e+5,1.318e+5,
280.246,7.575e+4,7.575e+4,
280.251,4.084e+4,4.084e+4,
280.256,2.066e+4,2.066e+4,
280.261,9.808e+3,9.808e+3,
280.266,4.368e+3,4.368e+3,
280.271,1.826e+3,1.826e+3,
280.276,7.159e+2,7.159e+2,
280.281,2.634e+2,2.634e+2,
280.286,9.093e+1,9.093e+1,
280.291,2.946e+1,2.946e+1,
280.296,8.953e+0,8.953e+0,
280.301,2.553e+0,2.553e+0,
280.306,6.832e-1,6.832e-1,
280.311,1.716e-1,1.716e-1,
280.316,4.042e-2,4.042e-2,
280.322,6.556e-3,6.556e-3,
280.327,1.343e-3,1.343e-3,
280.332,2.580e-4,2.580e-4,
280.337,4.652e-5,4.652e-5,
280.342,7.870e-6,7.870e-6,
280.347,1.249e-6,1.249e-6,
280.352,1.861e-7,1.861e-7,
280.357,2.601e-8,2.601e-8,
280.362,3.410e-9,3.410e-9,
280.367,4.196e-10,4.196e-10,
280.372,4.844e-11,4.844e-11,
280.377,5.248e-12,5.248e-12,
280.382,5.334e-13,5.334e-13,
280.387,5.087e-14,5.087e-14,
280.392,4.552e-15,4.552e-15,
280.397,3.822e-16,3.822e-16,
280.402,3.012e-17,3.012e-17,
280.407,2.226e-18,2.226e-18,
280.412,1.544e-19,1.544e-19,
280.417,1.005e-20,1.005e-20,
280.422,6.138e-22,6.138e-22,
280.427,3.517e-23,3.517e-23,
280.432,1.891e-24,1.891e-24,
280.437,9.539e-26,9.539e-26,
280.442,4.515e-27,4.515e-27,
280.447,2.006e-28,2.006e-28,
280.452,8.358e-30,8.358e-30,
280.457,3.268e-31,3.268e-31,
280.462,1.199e-32,1.199e-32,
280.467,4.128e-34,4.128e-34,
282.052,1.984e-34,1.984e-34,
282.057,5.479e-33,5.479e-33,
282.062,1.421e-31,1.421e-31,
282.067,3.463e-30,3.463e-30,
282.072,7.924e-29,7.924e-29,
282.077,1.703e-27,1.703e-27,
282.082,3.437e-26,3.437e-26,
282.087,6.515e-25,6.515e-25,
282.092,1.160e-23,1.160e-23,
282.097,1.940e-22,1.940e-22,
282.102,3.046e-21,3.046e-21,
282.107,4.493e-20,4.493e-20,
282.112,6.223e-19,6.223e-19,
282.117,8.097e-18,8.097e-18,
282.122,9.894e-17,9.894e-17,
282.127,1.135e-15,1.135e-15,
282.132,1.224e-14,1.224e-14,
282.137,1.239e-13,1.239e-13,
282.142,1.178e-12,1.178e-12,
282.147,1.052e-11,1.052e-11,
282.152,8.821e-11,8.821e-11,
282.158,1.042e-9,1.042e-9,
282.163,7.611e-9,7.611e-9,
282.168,5.222e-8,5.222e-8,
282.173,3.365e-7,3.365e-7,
282.178,2.037e-6,2.037e-6,
282.183,1.158e-5,1.158e-5,
282.188,6.180e-5,6.180e-5,
282.193,3.099e-4,3.099e-4,
282.198,1.459e-3,1.459e-3,
282.203,6.454e-3,6.454e-3,
282.208,2.681e-2,2.681e-2,
282.213,1.046e-1,1.046e-1,
282.218,3.832e-1,3.832e-1,
282.223,1.319e+0,1.319e+0,
282.228,4.262e+0,4.262e+0,
282.233,1.294e+1,1.294e+1,
282.238,3.688e+1,3.688e+1,
282.243,9.875e+1,9.875e+1,
282.248,2.483e+2,2.483e+2,
282.253,5.865e+2,5.865e+2,
282.258,1.301e+3,1.301e+3,
282.263,2.710e+3,2.710e+3,
282.268,5.303e+3,5.303e+3,
282.273,9.745e+3,9.745e+3,
282.278,1.682e+4,1.682e+4,
282.283,2.726e+4,2.726e+4,
282.288,4.151e+4,4.151e+4,
282.293,5.935e+4,5.935e+4,
282.298,7.970e+4,7.970e+4,
282.303,1.005e+5,1.005e+5,
282.308,1.191e+5,1.191e+5,
282.313,1.325e+5,1.325e+5,
282.318,1.384e+5,1.384e+5,
282.323,1.358e+5,1.358e+5,
282.328,1.252e+5,1.252e+5,
282.333,1.084e+5,1.084e+5,
282.338,8.812e+4,8.812e+4,
282.343,6.729e+4,6.729e+4,
282.348,4.825e+4,4.825e+4,
282.353,3.250e+4,3.250e+4,
282.358,2.056e+4,2.056e+4,
282.363,1.221e+4,1.221e+4,
282.368,6.816e+3,6.816e+3,
282.373,3.572e+3,3.572e+3,
282.378,1.758e+3,1.758e+3,
282.383,8.127e+2,8.127e+2,
282.388,3.528e+2,3.528e+2,
282.393,1.439e+2,1.439e+2,
282.398,5.510e+1,5.510e+1,
282.403,1.982e+1,1.982e+1,
282.408,6.695e+0,6.695e+0,
282.413,2.124e+0,2.124e+0,
282.418,6.329e-1,6.329e-1,
282.423,1.771e-1,1.771e-1,
282.428,4.656e-2,4.656e-2,
282.433,1.149e-2,1.149e-2,
282.438,2.665e-3,2.665e-3,
282.443,5.803e-4,5.803e-4,
282.448,1.187e-4,1.187e-4,
282.453,2.279e-5,2.279e-5,
282.458,4.112e-6,4.112e-6,
282.464,4.848e-7,4.848e-7,
282.469,7.619e-8,7.619e-8,
282.474,1.124e-8,1.124e-8,
282.479,1.559e-9,1.559e-9,
282.484,2.029e-10,2.029e-10,
282.489,2.481e-11,2.481e-11,
282.494,2.849e-12,2.849e-12,
282.499,3.073e-13,3.073e-13,
282.504,3.112e-14,3.112e-14,
282.509,2.961e-15,2.961e-15,
282.514,2.646e-16,2.646e-16,
282.519,2.220e-17,2.220e-17,
282.524,1.750e-18,1.750e-18,
282.529,1.295e-19,1.295e-19,
282.534,9.005e-21,9.005e-21,
282.539,5.880e-22,5.880e-22,
282.544,3.606e-23,3.606e-23,
282.549,2.077e-24,2.077e-24,
282.554,1.123e-25,1.123e-25,
282.559,5.707e-27,5.707e-27,
282.564,2.723e-28,2.723e-28,
282.569,1.220e-29,1.220e-29,
282.574,5.137e-31,5.137e-31,
282.579,2.030e-32,2.030e-32,
282.584,7.538e-34,7.538e-34,
283.035,2.546e-34,2.546e-34,
283.04,7.133e-33,7.133e-33,
283.045,1.878e-31,1.878e-31,
283.05,4.645e-30,4.645e-30,
283.055,1.080e-28,1.080e-28,
283.06,2.358e-27,2.358e-27,
283.065,4.838e-26,4.838e-26,
283.07,9.327e-25,9.327e-25,
283.076,2.993e-23,2.993e-23,
283.081,5.032e-22,5.032e-22,
283.086,7.948e-21,7.948e-21,
283.091,1.180e-19,1.180e-19,
283.096,1.645e-18,1.645e-18,
283.101,2.155e-17,2.155e-17,
283.106,2.654e-16,2.654e-16,
283.111,3.070e-15,3.070e-15,
283.116,3.336e-14,3.336e-14,
283.121,3.407e-13,3.407e-13,
283.126,3.270e-12,3.270e-12,
283.131,2.948e-11,2.948e-11,
283.136,2.498e-10,2.498e-10,
283.141,1.988e-9,1.988e-9,
283.146,1.487e-8,1.487e-8,
283.151,1.045e-7,1.045e-7,
283.156,6.901e-7,6.901e-7,
283.161,4.282e-6,4.282e-6,
283.166,2.496e-5,2.496e-5,
283.171,1.367e-4,1.367e-4,
283.176,7.037e-4,7.037e-4,
283.181,3.403e-3,3.403e-3,
283.186,1.546e-2,1.546e-2,
283.191,6.602e-2,6.602e-2,
283.196,2.649e-1,2.649e-1,
283.201,9.984e-1,9.984e-1,
283.206,3.536e+0,3.536e+0,
283.211,1.177e+1,1.177e+1,
283.216,3.679e+1,3.679e+1,
283.221,1.081e+2,1.081e+2,
283.226,2.984e+2,2.984e+2,
283.231,7.740e+2,7.740e+2,
283.236,1.886e+3,1.886e+3,
283.241,4.320e+3,4.320e+3,
283.246,9.295e+3,9.295e+3,
283.251,1.879e+4,1.879e+4,
283.256,3.570e+4,3.570e+4,
283.261,6.371e+4,6.371e+4,
283.266,1.069e+5,1.069e+5,
283.271,1.684e+5,1.684e+5,
283.276,2.493e+5,2.493e+5,
283.281,3.468e+5,3.468e+5,
283.286,4.534e+5,4.534e+5,
283.291,5.568e+5,5.568e+5,
283.296,6.426e+5,6.426e+5,
283.301,6.968e+5,6.968e+5,
283.306,7.100e+5,7.100e+5,
283.311,6.797e+5,6.797e+5,
283.316,6.114e+5,6.114e+5,
283.321,5.167e+5,5.167e+5,
283.326,4.104e+5,4.104e+5,
283.331,3.062e+5,3.062e+5,
283.336,2.147e+5,2.147e+5,
283.341,1.414e+5,1.414e+5,
283.346,8.754e+4,8.754e+4,
283.351,5.091e+4,5.091e+4,
283.356,2.782e+4,2.782e+4,
283.361,1.429e+4,1.429e+4,
283.366,6.892e+3,6.892e+3,
283.371,3.124e+3,3.124e+3,
283.376,1.331e+3,1.331e+3,
283.382,4.402e+2,4.402e+2,
283.387,1.635e+2,1.635e+2,
283.392,5.705e+1,5.705e+1,
283.397,1.870e+1,1.870e+1,
283.402,5.763e+0,5.763e+0,
283.407,1.668e+0,1.668e+0,
283.412,4.537e-1,4.537e-1,
283.417,1.160e-1,1.160e-1,
283.422,2.784e-2,2.784e-2,
283.427,6.282e-3,6.282e-3,
283.432,1.332e-3,1.332e-3,
283.437,2.653e-4,2.653e-4,
283.442,4.965e-5,4.965e-5,
283.447,8.732e-6,8.732e-6,
283.452,1.443e-6,1.443e-6,
283.457,2.240e-7,2.240e-7,
283.462,3.268e-8,3.268e-8,
283.467,4.480e-9,4.480e-9,
283.472,5.770e-10,5.770e-10,
283.477,6.982e-11,6.982e-11,
283.482,7.939e-12,7.939e-12,
283.487,8.482e-13,8.482e-13,
283.492,8.515e-14,8.515e-14,
283.497,8.032e-15,8.032e-15,
283.502,7.118e-16,7.118e-16,
283.507,5.928e-17,5.928e-17,
283.512,4.638e-18,4.638e-18,
283.517,3.410e-19,3.410e-19,
283.522,2.356e-20,2.356e-20,
283.527,1.529e-21,1.529e-21,
283.532,9.325e-23,9.325e-23,
283.537,5.343e-24,5.343e-24,
283.542,2.877e-25,2.877e-25,
283.547,1.455e-26,1.455e-26,
283.552,6.919e-28,6.919e-28,
283.557,3.090e-29,3.090e-29,
283.562,1.297e-30,1.297e-30,
283.567,5.114e-32,5.114e-32,
287.059,2.527e-34,2.527e-34,
287.064,6.612e-33,6.612e-33,
287.069,1.628e-31,1.628e-31,
287.074,3.774e-30,3.774e-30,
287.079,8.233e-29,8.233e-29,
287.084,1.691e-27,1.691e-27,
287.089,3.267e-26,3.267e-26,
287.094,5.944e-25,5.944e-25,
287.099,1.018e-23,1.018e-23,
287.104,1.640e-22,1.640e-22,
287.109,2.488e-21,2.488e-21,
287.114,3.552e-20,3.552e-20,
287.119,4.774e-19,4.774e-19,
287.124,6.038e-18,6.038e-18,
287.129,7.189e-17,7.189e-17,
287.134,8.056e-16,8.056e-16,
287.139,8.497e-15,8.497e-15,
287.144,8.436e-14,8.436e-14,
287.149,7.882e-13,7.882e-13,
287.154,6.933e-12,6.933e-12,
287.159,5.739e-11,5.739e-11,
287.164,4.472e-10,4.472e-10,
287.169,3.280e-9,3.280e-9,
287.174,2.264e-8,2.264e-8,
287.179,1.471e-7,1.471e-7,
287.184,8.995e-7,8.995e-7,
287.189,5.178e-6,5.178e-6,
287.194,2.805e-5,2.805e-5,
287.199,1.431e-4,1.431e-4,
287.204,6.866e-4,6.866e-4,
287.209,3.102e-3,3.102e-3,
287.214,1.319e-2,1.319e-2,
287.219,5.279e-2,5.279e-2,
287.224,1.989e-1,1.989e-1,
287.229,7.052e-1,7.052e-1,
287.234,2.353e+0,2.353e+0,
287.239,7.393e+0,7.393e+0,
287.244,2.186e+1,2.186e+1,
287.249,6.083e+1,6.083e+1,
287.254,1.593e+2,1.593e+2,
287.259,3.929e+2,3.929e+2,
287.264,9.116e+2,9.116e+2,
287.269,1.991e+3,1.991e+3,
287.274,4.094e+3,4.094e+3,
287.279,7.922e+3,7.922e+3,
287.284,1.443e+4,1.443e+4,
287.289,2.473e+4,2.473e+4,
287.294,3.991e+4,3.991e+4,
287.299,6.061e+4,6.061e+4,
287.304,8.664e+4,8.664e+4,
287.309,1.166e+5,1.166e+5,
287.314,1.476e+5,1.476e+5,
287.319,1.760e+5,1.760e+5,
287.324,1.974e+5,1.974e+5,
287.329,2.085e+5,2.085e+5,
287.334,2.072e+5,2.072e+5,
287.339,1.939e+5,1.939e+5,
287.344,1.707e+5,1.707e+5,
287.349,1.415e+5,1.415e+5,
287.354,1.104e+5,1.104e+5,
287.36,7.565e+4,7.565e+4,
287.365,5.166e+4,5.166e+4,
287.37,3.320e+4,3.320e+4,
287.375,2.008e+4,2.008e+4,
287.38,1.143e+4,1.143e+4,
287.385,6.128e+3,6.128e+3,
287.39,3.091e+3,3.091e+3,
287.395,1.467e+3,1.467e+3,
287.4,6.558e+2,6.558e+2,
287.405,2.758e+2,2.758e+2,
287.41,1.092e+2,1.092e+2,
287.415,4.069e+1,4.069e+1,
287.42,1.427e+1,1.427e+1,
287.425,4.711e+0,4.711e+0,
287.43,1.464e+0,1.464e+0,
287.435,4.281e-1,4.281e-1,
287.44,1.179e-1,1.179e-1,
287.445,3.054e-2,3.054e-2,
287.45,7.447e-3,7.447e-3,
287.455,1.709e-3,1.709e-3,
287.46,3.693e-4,3.693e-4,
287.465,7.510e-5,7.510e-5,
287.47,1.437e-5,1.437e-5,
287.475,2.590e-6,2.590e-6,
287.48,4.391e-7,4.391e-7,
287.485,7.009e-8,7.009e-8,
287.49,1.053e-8,1.053e-8,
287.495,1.489e-9,1.489e-9,
287.5,1.981e-10,1.981e-10,
287.505,2.482e-11,2.482e-11,
287.51,2.927e-12,2.927e-12,
287.515,3.248e-13,3.248e-13,
287.52,3.393e-14,3.393e-14,
287.525,3.336e-15,3.336e-15,
287.53,3.087e-16,3.087e-16,
287.535,2.689e-17,2.689e-17,
287.54,2.204e-18,2.204e-18,
287.545,1.701e-19,1.701e-19,
287.55,1.235e-20,1.235e-20,
287.555,8.445e-22,8.445e-22,
287.56,5.434e-23,5.434e-23,
287.565,3.291e-24,3.291e-24,
287.57,1.876e-25,1.876e-25,
287.575,1.007e-26,1.007e-26,
287.58,5.084e-28,5.084e-28,
287.585,2.417e-29,2.417e-29,
287.59,1.081e-30,1.081e-30,
287.595,4.553e-32,4.553e-32,
356.962,1.829e-28,1.829e-28,
356.967,2.050e-27,2.050e-27,
356.972,2.210e-26,2.210e-26,
356.977,2.291e-25,2.291e-25,
356.982,2.284e-24,2.284e-24,
356.987,2.189e-23,2.189e-23,
356.992,2.017e-22,2.017e-22,
356.997,1.788e-21,1.788e-21,
357.002,1.524e-20,1.524e-20,
357.007,1.249e-19,1.249e-19,
357.012,9.839e-19,9.839e-19,
357.017,7.456e-18,7.456e-18,
357.022,5.432e-17,5.432e-17,
357.027,3.806e-16,3.806e-16,
357.032,2.564e-15,2.564e-15,
357.037,1.661e-14,1.661e-14,
357.042,1.035e-13,1.035e-13,
357.047,6.199e-13,6.199e-13,
357.052,3.571e-12,3.571e-12,
357.057,1.978e-11,1.978e-11,
357.062,1.053e-10,1.053e-10,
357.067,5.395e-10,5.395e-10,
357.072,2.657e-9,2.657e-9,
357.077,1.258e-8,1.258e-8,
357.082,5.730e-8,5.730e-8,
357.087,2.509e-7,2.509e-7,
357.093,1.402e-6,1.402e-6,
357.098,5.631e-6,5.631e-6,
357.103,2.175e-5,2.175e-5,
357.108,8.079e-5,8.079e-5,
357.113,2.886e-4,2.886e-4,
357.118,9.912e-4,9.912e-4,
357.123,3.273e-3,3.273e-3,
357.128,1.040e-2,1.040e-2,
357.133,3.175e-2,3.175e-2,
357.138,9.322e-2,9.322e-2,
357.143,2.632e-1,2.632e-1,
357.148,7.147e-1,7.147e-1,
357.153,1.866e+0,1.866e+0,
357.158,4.685e+0,4.685e+0,
357.163,1.131e+1,1.131e+1,
357.168,2.626e+1,2.626e+1,
357.173,5.861e+1,5.861e+1,
357.178,1.258e+2,1.258e+2,
357.183,2.597e+2,2.597e+2,
357.188,5.154e+2,5.154e+2,
357.193,9.837e+2,9.837e+2,
357.198,1.805e+3,1.805e+3,
357.203,3.186e+3,3.186e+3,
357.208,5.406e+3,5.406e+3,
357.213,8.821e+3,8.821e+3,
357.218,1.384e+4,1.384e+4,
357.223,2.088e+4,2.088e+4,
357.228,3.030e+4,3.030e+4,
357.233,4.227e+4,4.227e+4,
357.238,5.670e+4,5.670e+4,
357.243,7.314e+4,7.314e+4,
357.248,9.073e+4,9.073e+4,
357.253,1.082e+5,1.082e+5,
357.258,1.241e+5,1.241e+5,
357.263,1.369e+5,1.369e+5,
357.268,1.452e+5,1.452e+5,
357.273,1.480e+5,1.480e+5,
357.278,1.452e+5,1.452e+5,
357.283,1.369e+5,1.369e+5,
357.288,1.241e+5,1.241e+5,
357.293,1.082e+5,1.082e+5,
357.298,9.073e+4,9.073e+4,
357.303,7.314e+4,7.314e+4,
357.308,5.670e+4,5.670e+4,
357.313,4.227e+4,4.227e+4,
357.318,3.030e+4,3.030e+4,
357.323,2.088e+4,2.088e+4,
357.328,1.384e+4,1.384e+4,
357.333,8.821e+3,8.821e+3,
357.338,5.406e+3,5.406e+3,
357.343,3.186e+3,3.186e+3,
357.348,1.805e+3,1.805e+3,
357.353,9.837e+2,9.837e+2,
357.358,5.154e+2,5.154e+2,
357.363,2.597e+2,2.597e+2,
357.368,1.258e+2,1.258e+2,
357.373,5.861e+1,5.861e+1,
357.378,2.626e+1,2.626e+1,
357.383,1.131e+1,1.131e+1,
357.388,4.685e+0,4.685e+0,
357.393,1.866e+0,1.866e+0,
357.399,5.872e-1,5.872e-1,
357.404,2.146e-1,2.146e-1,
357.409,7.539e-2,7.539e-2,
357.414,2.547e-2,2.547e-2,
357.419,8.277e-3,8.277e-3,
357.424,2.586e-3,2.586e-3,
357.429,7.768e-4,7.768e-4,
357.434,2.244e-4,2.244e-4,
357.439,6.234e-5,6.234e-5,
357.444,1.665e-5,1.665e-5,
357.449,4.277e-6,4.277e-6,
357.454,1.056e-6,1.056e-6,
357.459,2.509e-7,2.509e-7,
357.464,5.730e-8,5.730e-8,
357.469,1.258e-8,1.258e-8,
357.474,2.657e-9,2.657e-9,
357.479,5.395e-10,5.395e-10,
357.484,1.053e-10,1.053e-10,
357.489,1.978e-11,1.978e-11,
357.494,3.571e-12,3.571e-12,
357.499,6.199e-13,6.199e-13,
357.504,1.035e-13,1.035e-13,
357.509,1.661e-14,1.661e-14,
357.514,2.564e-15,2.564e-15,
357.519,3.806e-16,3.806e-16,
357.524,5.432e-17,5.432e-17,
357.529,7.456e-18,7.456e-18,
357.534,9.839e-19,9.839e-19,
357.539,1.249e-19,1.249e-19,
357.544,1.524e-20,1.524e-20,
357.549,1.788e-21,1.788e-21,
357.554,2.017e-22,2.017e-22,
357.559,2.189e-23,2.189e-23,
357.564,2.284e-24,2.284e-24,
357.569,2.291e-25,2.291e-25,
357.574,2.210e-26,2.210e-26,
357.579,2.050e-27,2.050e-27,
357.584,1.829e-28,1.829e-28,
363.639,2.533e-28,2.533e-28,
363.644,2.742e-27,2.742e-27,
363.649,2.858e-26,2.858e-26,
363.654,2.869e-25,2.869e-25,
363.659,2.773e-24,2.773e-24,
363.664,2.581e-23,2.581e-23,
363.669,2.313e-22,2.313e-22,
363.674,1.996e-21,1.996e-21,
363.679,1.659e-20,1.659e-20,
363.684,1.328e-19,1.328e-19,
363.689,1.023e-18,1.023e-18,
363.694,7.593e-18,7.593e-18,
363.699,5.426e-17,5.426e-17,
363.704,3.734e-16,3.734e-16,
363.709,2.474e-15,2.474e-15,
363.714,1.579e-14,1.579e-14,
363.719,9.701e-14,9.701e-14,
363.724,5.740e-13,5.740e-13,
363.729,3.271e-12,3.271e-12,
363.734,1.794e-11,1.794e-11,
363.739,9.481e-11,9.481e-11,
363.744,4.824e-10,4.824e-10,
363.749,2.363e-9,2.363e-9,
363.754,1.115e-8,1.115e-8,
363.759,5.066e-8,5.066e-8,
363.764,2.216e-7,2.216e-7,
363.769,9.336e-7,9.336e-7,
363.774,3.787e-6,3.787e-6,
363.779,1.480e-5,1.480e-5,
363.784,5.566e-5,5.566e-5,
363.789,2.016e-4,2.016e-4,
363.794,7.033e-4,7.033e-4,
363.799,2.362e-3,2.362e-3,
363.804,7.641e-3,7.641e-3,
363.809,2.380e-2,2.380e-2,
363.814,7.138e-2,7.138e-2,
363.819,2.062e-1,2.062e-1,
363.825,7.004e-1,7.004e-1,
363.83,1.862e+0,1.862e+0,
363.835,4.766e+0,4.766e+0,
363.84,1.175e+1,1.175e+1,
363.845,2.788e+1,2.788e+1,
363.85,6.373e+1,6.373e+1,
363.855,1.403e+2,1.403e+2,
363.86,2.973e+2,2.973e+2,
363.865,6.067e+2,6.067e+2,
363.87,1.192e+3,1.192e+3,
363.875,2.257e+3,2.257e+3,
363.88,4.112e+3,4.112e+3,
363.885,7.217e+3,7.217e+3,
363.89,1.220e+4,1.220e+4,
363.895,1.985e+4,1.985e+4,
363.9,3.110e+4,3.110e+4,
363.905,4.693e+4,4.693e+4,
363.91,6.819e+4,6.819e+4,
363.915,9.541e+4,9.541e+4,
363.92,1.286e+5,1.286e+5,
363.925,1.668e+5,1.668e+5,
363.93,2.084e+5,2.084e+5,
363.935,2.508e+5,2.508e+5,
363.94,2.905e+5,2.905e+5,
363.945,3.241e+5,3.241e+5,
363.95,3.482e+5,3.482e+5,
363.955,3.603e+5,3.603e+5,
363.96,3.589e+5,3.589e+5,
363.965,3.443e+5,3.443e+5,
363.97,3.181e+5,3.181e+5,
363.975,2.830e+5,2.830e+5,
363.98,2.424e+5,2.424e+5,
363.985,1.999e+5,1.999e+5,
363.99,1.588e+5,1.588e+5,
363.995,1.215e+5,1.215e+5,
364,8.948e+4,8.948e+4,
364.005,6.347e+4,6.347e+4,
364.01,4.335e+4,4.335e+4,
364.015,2.851e+4,2.851e+4,
364.02,1.806e+4,1.806e+4,
364.025,1.101e+4,1.101e+4,
364.03,6.468e+3,6.468e+3,
364.035,3.658e+3,3.658e+3,
364.04,1.992e+3,1.992e+3,
364.045,1.045e+3,1.045e+3,
364.05,5.276e+2,5.276e+2,
364.055,2.566e+2,2.566e+2,
364.06,1.201e+2,1.201e+2,
364.065,5.418e+1,5.418e+1,
364.07,2.353e+1,2.353e+1,
364.075,9.837e+0,9.837e+0,
364.08,3.961e+0,3.961e+0,
364.085,1.536e+0,1.536e+0,
364.09,5.734e-1,5.734e-1,
364.095,2.062e-1,2.062e-1,
364.1,7.138e-2,7.138e-2,
364.105,2.380e-2,2.380e-2,
364.11,7.641e-3,7.641e-3,
364.115,2.362e-3,2.362e-3,
364.12,7.033e-4,7.033e-4,
364.125,2.016e-4,2.016e-4,
364.131,4.283e-5,4.283e-5,
364.136,1.130e-5,1.130e-5,
364.141,2.871e-6,2.871e-6,
364.146,7.024e-7,7.024e-7,
364.151,1.655e-7,1.655e-7,
364.156,3.754e-8,3.754e-8,
364.161,8.201e-9,8.201e-9,
364.166,1.725e-9,1.725e-9,
364.171,3.495e-10,3.495e-10,
364.176,6.817e-11,6.817e-11,
364.181,1.281e-11,1.281e-11,
364.186,2.316e-12,2.316e-12,
364.191,4.035e-13,4.035e-13,
364.196,6.767e-14,6.767e-14,
364.201,1.093e-14,1.093e-14,
364.206,1.700e-15,1.700e-15,
364.211,2.546e-16,2.546e-16,
364.216,3.673e-17,3.673e-17,
364.221,5.101e-18,5.101e-18,
364.226,6.821e-19,6.821e-19,
364.231,8.785e-20,8.785e-20,
364.236,1.089e-20,1.089e-20,
364.241,1.301e-21,1.301e-21,
364.246,1.496e-22,1.496e-22,
364.251,1.657e-23,1.657e-23,
364.256,1.767e-24,1.767e-24,
364.261,1.814e-25,1.814e-25,
364.266,1.794e-26,1.794e-26,
364.271,1.708e-27,1.708e-27,
366.829,5.130e-29,5.130e-29,
366.834,5.408e-28,5.408e-28,
366.839,5.493e-27,5.493e-27,
366.844,5.377e-26,5.377e-26,
366.849,5.072e-25,5.072e-25,
366.854,4.609e-24,4.609e-24,
366.859,4.037e-23,4.037e-23,
366.864,3.406e-22,3.406e-22,
366.869,2.770e-21,2.770e-21,
366.874,2.170e-20,2.170e-20,
366.879,1.638e-19,1.638e-19,
366.885,1.765e-18,1.765e-18,
366.89,1.228e-17,1.228e-17,
366.895,8.234e-17,8.234e-17,
366.9,5.320e-16,5.320e-16,
366.905,3.312e-15,3.312e-15,
366.91,1.987e-14,1.987e-14,
366.915,1.148e-13,1.148e-13,
366.92,6.396e-13,6.396e-13,
366.925,3.433e-12,3.433e-12,
366.93,1.775e-11,1.775e-11,
366.935,8.847e-11,8.847e-11,
366.94,4.248e-10,4.248e-10,
366.945,1.966e-9,1.966e-9,
366.95,8.764e-9,8.764e-9,
366.955,3.765e-8,3.765e-8,
366.96,1.559e-7,1.559e-7,
366.965,6.218e-7,6.218e-7,
366.97,2.390e-6,2.390e-6,
366.975,8.852e-6,8.852e-6,
366.98,3.159e-5,3.159e-5,
366.985,1.086e-4,1.086e-4,
366.99,3.600e-4,3.600e-4,
366.995,1.150e-3,1.150e-3,
367,3.537e-3,3.537e-3,
367.005,1.049e-2,1.049e-2,
367.01,2.996e-2,2.996e-2,
367.015,8.247e-2,8.247e-2,
367.02,2.188e-1,2.188e-1,
367.025,5.592e-1,5.592e-1,
367.03,1.377e+0,1.377e+0,
367.035,3.268e+0,3.268e+0,
367.04,7.474e+0,7.474e+0,
367.045,1.647e+1,1.647e+1,
367.05,3.497e+1,3.497e+1,
367.055,7.155e+1,7.155e+1,
367.06,1.411e+2,1.411e+2,
367.065,2.680e+2,2.680e+2,
367.07,4.905e+2,4.905e+2,
367.075,8.652e+2,8.652e+2,
367.08,1.471e+3,1.471e+3,
367.085,2.408e+3,2.408e+3,
367.09,3.801e+3,3.801e+3,
367.095,5.780e+3,5.780e+3,
367.1,8.469e+3,8.469e+3,
367.105,1.196e+4,1.196e+4,
367.11,1.627e+4,1.627e+4,
367.115,2.133e+4,2.133e+4,
367.12,2.694e+4,2.694e+4,
367.125,3.280e+4,3.280e+4,
367.13,3.847e+4,3.847e+4,
367.135,4.348e+4,4.348e+4,
367.14,4.735e+4,4.735e+4,
367.145,4.969e+4,4.969e+4,
367.15,5.024e+4,5.024e+4,
367.155,4.896e+4,4.896e+4,
367.16,4.596e+4,4.596e+4,
367.165,4.158e+4,4.158e+4,
367.17,3.625e+4,3.625e+4,
367.175,3.045e+4,3.045e+4,
367.18,2.465e+4,2.465e+4,
367.186,1.821e+4,1.821e+4,
367.191,1.359e+4,1.359e+4,
367.196,9.766e+3,9.766e+3,
367.201,6.764e+3,6.764e+3,
367.206,4.515e+3,4.515e+3,
367.211,2.904e+3,2.904e+3,
367.216,1.799e+3,1.799e+3,
367.221,1.075e+3,1.075e+3,
367.226,6.183e+2,6.183e+2,
367.231,3.428e+2,3.428e+2,
367.236,1.832e+2,1.832e+2,
367.241,9.429e+1,9.429e+1,
367.246,4.677e+1,4.677e+1,
367.251,2.236e+1,2.236e+1,
367.256,1.030e+1,1.030e+1,
367.261,4.570e+0,4.570e+0,
367.266,1.955e+0,1.955e+0,
367.271,8.055e-1,8.055e-1,
367.276,3.198e-1,3.198e-1,
367.281,1.224e-1,1.224e-1,
367.286,4.512e-2,4.512e-2,
367.291,1.603e-2,1.603e-2,
367.296,5.488e-3,5.488e-3,
367.301,1.810e-3,1.810e-3,
367.306,5.754e-4,5.754e-4,
367.311,1.762e-4,1.762e-4,
367.316,5.201e-5,5.201e-5,
367.321,1.479e-5,1.479e-5,
367.326,4.053e-6,4.053e-6,
367.331,1.070e-6,1.070e-6,
367.336,2.723e-7,2.723e-7,
367.341,6.676e-8,6.676e-8,
367.346,1.577e-8,1.577e-8,
367.351,3.590e-9,3.590e-9,
367.356,7.876e-10,7.876e-10,
367.361,1.665e-10,1.665e-10,
367.366,3.390e-11,3.390e-11,
367.371,6.653e-12,6.653e-12,
367.376,1.258e-12,1.258e-12,
367.381,2.293e-13,2.293e-13,
367.386,4.026e-14,4.026e-14,
367.391,6.811e-15,6.811e-15,
367.396,1.110e-15,1.110e-15,
367.401,1.744e-16,1.744e-16,
367.406,2.641e-17,2.641e-17,
367.411,3.852e-18,3.852e-18,
367.416,5.413e-19,5.413e-19,
367.421,7.331e-20,7.331e-20,
367.426,9.568e-21,9.568e-21,
367.431,1.203e-21,1.203e-21,
367.436,1.458e-22,1.458e-22,
367.441,1.702e-23,1.702e-23,
367.446,1.915e-24,1.915e-24,
367.451,2.076e-25,2.076e-25,
367.456,2.169e-26,2.169e-26,
367.461,2.183e-27,2.183e-27,
367.466,2.117e-28,2.117e-28,
368.028,2.285e-27,2.285e-27,
368.033,2.338e-26,2.338e-26,
368.038,2.305e-25,2.305e-25,
368.043,2.191e-24,2.191e-24,
368.048,2.006e-23,2.006e-23,
368.053,1.771e-22,1.771e-22,
368.058,1.507e-21,1.507e-21,
368.063,1.236e-20,1.236e-20,
368.068,9.769e-20,9.769e-20,
368.073,7.442e-19,7.442e-19,
368.078,5.465e-18,5.465e-18,
368.083,3.867e-17,3.867e-17,
368.088,2.638e-16,2.638e-16,
368.093,1.734e-15,1.734e-15,
368.098,1.099e-14,1.099e-14,
368.104,9.593e-14,9.593e-14,
368.109,5.605e-13,5.605e-13,
368.114,3.156e-12,3.156e-12,
368.119,1.713e-11,1.713e-11,
368.124,8.961e-11,8.961e-11,
368.129,4.518e-10,4.518e-10,
368.134,2.196e-9,2.196e-9,
368.139,1.028e-8,1.028e-8,
368.144,4.642e-8,4.642e-8,
368.149,2.020e-7,2.020e-7,
368.154,8.470e-7,8.470e-7,
368.159,3.423e-6,3.423e-6,
368.164,1.334e-5,1.334e-5,
368.169,5.007e-5,5.007e-5,
368.174,1.812e-4,1.812e-4,
368.179,6.320e-4,6.320e-4,
368.184,2.124e-3,2.124e-3,
368.189,6.883e-3,6.883e-3,
368.194,2.149e-2,2.149e-2,
368.199,6.469e-2,6.469e-2,
368.204,1.877e-1,1.877e-1,
368.209,5.247e-1,5.247e-1,
368.214,1.414e+0,1.414e+0,
368.219,3.672e+0,3.672e+0,
368.224,9.193e+0,9.193e+0,
368.229,2.218e+1,2.218e+1,
368.234,5.158e+1,5.158e+1,
368.239,1.156e+2,1.156e+2,
368.244,2.497e+2,2.497e+2,
368.249,5.199e+2,5.199e+2,
368.254,1.043e+3,1.043e+3,
368.259,2.018e+3,2.018e+3,
368.264,3.762e+3,3.762e+3,
368.269,6.759e+3,6.759e+3,
368.274,1.170e+4,1.170e+4,
368.279,1.953e+4,1.953e+4,
368.284,3.142e+4,3.142e+4,
368.289,4.872e+4,4.872e+4,
368.294,7.281e+4,7.281e+4,
368.299,1.049e+5,1.049e+5,
368.304,1.456e+5,1.456e+5,
368.309,1.948e+5,1.948e+5,
368.314,2.511e+5,2.511e+5,
368.319,3.121e+5,3.121e+5,
368.324,3.739e+5,3.739e+5,
368.329,4.317e+5,4.317e+5,
368.334,4.804e+5,4.804e+5,
368.339,5.152e+5,5.152e+5,
368.344,5.326e+5,5.326e+5,
368.349,5.306e+5,5.306e+5,
368.354,5.096e+5,5.096e+5,
368.359,4.716e+5,4.716e+5,
368.364,4.207e+5,4.207e+5,
368.369,3.617e+5,3.617e+5,
368.374,2.997e+5,2.997e+5,
368.379,2.394e+5,2.394e+5,
368.384,1.843e+5,1.843e+5,
368.389,1.367e+5,1.367e+5,
368.394,9.777e+4,9.777e+4,
368.399,6.738e+4,6.738e+4,
368.404,4.476e+4,4.476e+4,
368.41,2.610e+4,2.610e+4,
368.415,1.599e+4,1.599e+4,
368.42,9.438e+3,9.438e+3,
368.425,5.370e+3,5.370e+3,
368.43,2.945e+3,2.945e+3,
368.435,1.557e+3,1.557e+3,
368.44,7.932e+2,7.932e+2,
368.445,3.895e+2,3.895e+2,
368.45,1.843e+2,1.843e+2,
368.455,8.408e+1,8.408e+1,
368.46,3.697e+1,3.697e+1,
368.465,1.566e+1,1.566e+1,
368.47,6.397e+0,6.397e+0,
368.475,2.518e+0,2.518e+0,
368.48,9.553e-1,9.553e-1,
368.485,3.493e-1,3.493e-1,
368.49,1.231e-1,1.231e-1,
368.495,4.182e-2,4.182e-2,
368.5,1.369e-2,1.369e-2,
368.505,4.320e-3,4.320e-3,
368.51,1.314e-3,1.314e-3,
368.515,3.851e-4,3.851e-4,
368.52,1.088e-4,1.088e-4,
368.525,2.963e-5,2.963e-5,
368.53,7.775e-6,7.775e-6,
368.535,1.967e-6,1.967e-6,
368.54,4.795e-7,4.795e-7,
368.545,1.127e-7,1.127e-7,
368.55,2.552e-8,2.552e-8,
368.555,5.570e-9,5.570e-9,
368.56,1.172e-9,1.172e-9,
368.565,2.376e-10,2.376e-10,
368.57,4.644e-11,4.644e-11,
368.575,8.747e-12,8.747e-12,
368.58,1.588e-12,1.588e-12,
368.585,2.779e-13,2.779e-13,
368.59,4.686e-14,4.686e-14,
368.595,7.617e-15,7.617e-15,
368.6,1.193e-15,1.193e-15,
368.605,1.802e-16,1.802e-16,
368.61,2.622e-17,2.622e-17,
368.615,3.678e-18,3.678e-18,
368.62,4.973e-19,4.973e-19,
368.625,6.480e-20,6.480e-20,
368.63,8.138e-21,8.138e-21,
368.635,9.851e-22,9.851e-22,
368.64,1.149e-22,1.149e-22,
368.645,1.292e-23,1.292e-23,
368.65,1.400e-24,1.400e-24,
368.655,1.463e-25,1.463e-25,
368.66,1.473e-26,1.473e-26,
368.665,1.429e-27,1.429e-27,
373.672,1.333e-27,1.333e-27,
373.677,1.309e-26,1.309e-26,
373.682,1.240e-25,1.240e-25,
373.687,1.134e-24,1.134e-24,
373.692,9.998e-24,9.998e-24,
373.697,8.508e-23,8.508e-23,
373.702,6.986e-22,6.986e-22,
373.707,5.535e-21,5.535e-21,
373.712,4.231e-20,4.231e-20,
373.717,3.121e-19,3.121e-19,
373.722,2.221e-18,2.221e-18,
373.727,1.526e-17,1.526e-17,
373.732,1.011e-16,1.011e-16,
373.737,6.463e-16,6.463e-16,
373.742,3.987e-15,3.987e-15,
373.747,2.373e-14,2.373e-14,
373.752,1.363e-13,1.363e-13,
373.757,7.553e-13,7.553e-13,
373.762,4.039e-12,4.039e-12,
373.767,2.084e-11,2.084e-11,
373.772,1.037e-10,1.037e-10,
373.777,4.982e-10,4.982e-10,
373.782,2.309e-9,2.309e-9,
373.787,1.033e-8,1.033e-8,
373.792,4.456e-8,4.456e-8,
373.797,1.855e-7,1.855e-7,
373.802,7.452e-7,7.452e-7,
373.807,2.888e-6,2.888e-6,
373.812,1.080e-5,1.080e-5,
373.817,3.898e-5,3.898e-5,
373.822,1.357e-4,1.357e-4,
373.827,4.560e-4,4.560e-4,
373.832,1.478e-3,1.478e-3,
373.837,4.623e-3,4.623e-3,
373.842,1.395e-2,1.395e-2,
373.847,4.063e-2,4.063e-2,
373.852,1.142e-1,1.142e-1,
373.857,3.095e-1,3.095e-1,
373.862,8.097e-1,8.097e-1,
373.867,2.044e+0,2.044e+0,
373.872,4.977e+0,4.977e+0,
373.877,1.170e+1,1.170e+1,
373.882,2.652e+1,2.652e+1,
373.887,5.801e+1,5.801e+1,
373.892,1.225e+2,1.225e+2,
373.897,2.494e+2,2.494e+2,
373.902,4.902e+2,4.902e+2,
373.907,9.295e+2,9.295e+2,
373.912,1.701e+3,1.701e+3,
373.918,3.349e+3,3.349e+3,
373.923,5.665e+3,5.665e+3,
373.928,9.244e+3,9.244e+3,
373.933,1.456e+4,1.456e+4,
373.938,2.211e+4,2.211e+4,
373.943,3.242e+4,3.242e+4,
373.948,4.585e+4,4.585e+4,
373.953,6.258e+4,6.258e+4,
373.958,8.241e+4,8.241e+4,
373.963,1.047e+5,1.047e+5,
373.968,1.284e+5,1.284e+5,
373.973,1.519e+5,1.519e+5,
373.978,1.733e+5,1.733e+5,
373.983,1.909e+5,1.909e+5,
373.988,2.029e+5,2.029e+5,
373.993,2.080e+5,2.080e+5,
373.998,2.058e+5,2.058e+5,
374.003,1.964e+5,1.964e+5,
374.008,1.809e+5,1.809e+5,
374.013,1.608e+5,1.608e+5,
374.018,1.379e+5,1.379e+5,
374.023,1.141e+5,1.141e+5,
374.028,9.109e+4,9.109e+4,
374.033,7.016e+4,7.016e+4,
374.038,5.215e+4,5.215e+4,
374.043,3.740e+4,3.740e+4,
374.048,2.588e+4,2.588e+4,
374.053,1.728e+4,1.728e+4,
374.058,1.113e+4,1.113e+4,
374.063,6.920e+3,6.920e+3,
374.068,4.151e+3,4.151e+3,
374.073,2.402e+3,2.402e+3,
374.078,1.341e+3,1.341e+3,
374.083,7.227e+2,7.227e+2,
374.088,3.757e+2,3.757e+2,
374.093,1.885e+2,1.885e+2,
374.098,9.121e+1,9.121e+1,
374.103,4.260e+1,4.260e+1,
374.108,1.919e+1,1.919e+1,
374.113,8.345e+0,8.345e+0,
374.118,3.501e+0,3.501e+0,
374.123,1.417e+0,1.417e+0,
374.128,5.535e-1,5.535e-1,
374.133,2.086e-1,2.086e-1,
374.138,7.585e-2,7.585e-2,
374.143,2.661e-2,2.661e-2,
374.148,9.009e-3,9.009e-3,
374.153,2.943e-3,2.943e-3,
374.158,9.274e-4,9.274e-4,
374.163,2.820e-4,2.820e-4,
374.168,8.276e-5,8.276e-5,
374.173,2.343e-5,2.343e-5,
374.178,6.401e-6,6.401e-6,
374.183,1.687e-6,1.687e-6,
374.188,4.291e-7,4.291e-7,
374.193,1.053e-7,1.053e-7,
374.198,2.493e-8,2.493e-8,
374.203,5.696e-9,5.696e-9,
374.208,1.256e-9,1.256e-9,
374.213,2.671e-10,2.671e-10,
374.218,5.482e-11,5.482e-11,
374.224,7.819e-12,7.819e-12,
374.229,1.483e-12,1.483e-12,
374.234,2.715e-13,2.715e-13,
374.239,4.796e-14,4.796e-14,
374.244,8.173e-15,8.173e-15,
374.249,1.344e-15,1.344e-15,
374.254,2.132e-16,2.132e-16,
374.259,3.264e-17,3.264e-17,
374.264,4.822e-18,4.822e-18,
374.269,6.873e-19,6.873e-19,
374.274,9.451e-20,9.451e-20,
374.279,1.254e-20,1.254e-20,
374.284,1.606e-21,1.606e-21,
374.289,1.984e-22,1.984e-22,
374.294,2.364e-23,2.364e-23,
374.299,2.719e-24,2.719e-24,
374.304,3.018e-25,3.018e-25,
374.309,3.232e-26,3.232e-26,
374.314,3.339e-27,3.339e-27,
401.623,1.440e-27,1.440e-27,
401.628,1.163e-26,1.163e-26,
401.633,9.104e-26,9.104e-26,
401.638,6.911e-25,6.911e-25,
401.643,5.086e-24,5.086e-24,
401.648,3.629e-23,3.629e-23,
401.653,2.510e-22,2.510e-22,
401.658,1.684e-21,1.684e-21,
401.663,1.095e-20,1.095e-20,
401.668,6.903e-20,6.903e-20,
401.673,4.219e-19,4.219e-19,
401.678,2.500e-18,2.500e-18,
401.683,1.437e-17,1.437e-17,
401.688,8.002e-17,8.002e-17,
401.693,4.322e-16,4.322e-16,
401.698,2.263e-15,2.263e-15,
401.703,1.149e-14,1.149e-14,
401.708,5.654e-14,5.654e-14,
401.713,2.698e-13,2.698e-13,
401.718,1.248e-12,1.248e-12,
401.723,5.599e-12,5.599e-12,
401.728,2.435e-11,2.435e-11,
401.733,1.027e-10,1.027e-10,
401.738,4.197e-10,4.197e-10,
401.743,1.663e-9,1.663e-9,
401.749,8.335e-9,8.335e-9,
401.754,3.086e-8,3.086e-8,
401.759,1.108e-7,1.108e-7,
401.764,3.855e-7,3.855e-7,
401.769,1.301e-6,1.301e-6,
401.774,4.256e-6,4.256e-6,
401.779,1.350e-5,1.350e-5,
401.784,4.151e-5,4.151e-5,
401.789,1.237e-4,1.237e-4,
401.794,3.577e-4,3.577e-4,
401.799,1.002e-3,1.002e-3,
401.804,2.724e-3,2.724e-3,
401.809,7.174e-3,7.174e-3,
401.814,1.832e-2,1.832e-2,
401.819,4.537e-2,4.537e-2,
401.824,1.089e-1,1.089e-1,
401.829,2.535e-1,2.535e-1,
401.834,5.721e-1,5.721e-1,
401.839,1.252e+0,1.252e+0,
401.844,2.655e+0,2.655e+0,
401.849,5.460e+0,5.460e+0,
401.854,1.089e+1,1.089e+1,
401.859,2.105e+1,2.105e+1,
401.864,3.944e+1,3.944e+1,
401.869,7.168e+1,7.168e+1,
401.874,1.263e+2,1.263e+2,
401.879,2.157e+2,2.157e+2,
401.884,3.572e+2,3.572e+2,
401.889,5.735e+2,5.735e+2,
401.894,8.927e+2,8.927e+2,
401.899,1.347e+3,1.347e+3,
401.904,1.971e+3,1.971e+3,
401.909,2.796e+3,2.796e+3,
401.914,3.846e+3,3.846e+3,
401.919,5.129e+3,5.129e+3,
401.924,6.631e+3,6.631e+3,
401.929,8.311e+3,8.311e+3,
401.934,1.010e+4,1.010e+4,
401.939,1.190e+4,1.190e+4,
401.944,1.359e+4,1.359e+4,
401.949,1.506e+4,1.506e+4,
401.954,1.617e+4,1.617e+4,
401.959,1.683e+4,1.683e+4,
401.964,1.699e+4,1.699e+4,
401.969,1.662e+4,1.662e+4,
401.974,1.577e+4,1.577e+4,
401.979,1.451e+4,1.451e+4,
401.984,1.294e+4,1.294e+4,
401.989,1.119e+4,1.119e+4,
401.994,9.377e+3,9.377e+3,
401.999,7.621e+3,7.621e+3,
402.004,6.006e+3,6.006e+3,
402.009,4.588e+3,4.588e+3,
402.014,3.398e+3,3.398e+3,
402.019,2.440e+3,2.440e+3,
402.024,1.699e+3,1.699e+3,
402.029,1.147e+3,1.147e+3,
402.034,7.506e+2,7.506e+2,
402.039,4.763e+2,4.763e+2,
402.044,2.930e+2,2.930e+2,
402.049,1.748e+2,1.748e+2,
402.055,9.023e+1,9.023e+1,
402.06,5.028e+1,5.028e+1,
402.065,2.716e+1,2.716e+1,
402.07,1.422e+1,1.422e+1,
402.075,7.223e+0,7.223e+0,
402.08,3.556e+0,3.556e+0,
402.085,1.697e+0,1.697e+0,
402.09,7.854e-1,7.854e-1,
402.095,3.524e-1,3.524e-1,
402.1,1.533e-1,1.533e-1,
402.105,6.464e-2,6.464e-2,
402.11,2.643e-2,2.643e-2,
402.115,1.048e-2,1.048e-2,
402.12,4.027e-3,4.027e-3,
402.125,1.501e-3,1.501e-3,
402.13,5.422e-4,5.422e-4,
402.135,1.899e-4,1.899e-4,
402.14,6.449e-5,6.449e-5,
402.145,2.123e-5,2.123e-5,
402.15,6.778e-6,6.778e-6,
402.155,2.098e-6,2.098e-6,
402.16,6.294e-7,6.294e-7,
402.165,1.831e-7,1.831e-7,
402.17,5.165e-8,5.165e-8,
402.175,1.412e-8,1.412e-8,
402.18,3.744e-9,3.744e-9,
402.185,9.625e-10,9.625e-10,
402.19,2.399e-10,2.399e-10,
402.195,5.795e-11,5.795e-11,
402.2,1.358e-11,1.358e-11,
402.205,3.083e-12,3.083e-12,
402.21,6.789e-13,6.789e-13,
402.215,1.449e-13,1.449e-13,
402.22,3.000e-14,3.000e-14,
402.225,6.020e-15,6.020e-15,
402.23,1.171e-15,1.171e-15,
402.235,2.210e-16,2.210e-16,
402.24,4.041e-17,4.041e-17,
402.245,7.165e-18,7.165e-18,
402.25,1.232e-18,1.232e-18,
402.255,2.053e-19,2.053e-19,
402.26,3.317e-20,3.317e-20,
402.265,5.197e-21,5.197e-21,
402.27,7.894e-22,7.894e-22,
402.275,1.162e-22,1.162e-22,
402.28,1.660e-23,1.660e-23,
402.285,2.298e-24,2.298e-24,
402.29,3.083e-25,3.083e-25,
402.295,4.012e-26,4.012e-26,
402.3,5.061e-27,5.061e-27,
405.441,2.949e-25,2.949e-25,
405.446,2.290e-24,2.290e-24,
405.451,1.725e-23,1.725e-23,
405.456,1.261e-22,1.261e-22,
405.461,8.938e-22,8.938e-22,
405.466,6.147e-21,6.147e-21,
405.471,4.101e-20,4.101e-20,
405.476,2.654e-19,2.654e-19,
405.481,1.666e-18,1.666e-18,
405.486,1.015e-17,1.015e-17,
405.491,5.997e-17,5.997e-17,
405.496,3.438e-16,3.438e-16,
405.501,1.911e-15,1.911e-15,
405.506,1.031e-14,1.031e-14,
405.511,5.395e-14,5.395e-14,
405.516,2.739e-13,2.739e-13,
405.521,1.349e-12,1.349e-12,
405.526,6.443e-12,6.443e-12,
405.531,2.986e-11,2.986e-11,
405.536,1.342e-10,1.342e-10,
405.541,5.854e-10,5.854e-10,
405.546,2.477e-9,2.477e-9,
405.551,1.017e-8,1.017e-8,
405.556,4.047e-8,4.047e-8,
405.561,1.563e-7,1.563e-7,
405.566,5.857e-7,5.857e-7,
405.571,2.129e-6,2.129e-6,
405.576,7.507e-6,7.507e-6,
405.581,2.568e-5,2.568e-5,
405.586,8.521e-5,8.521e-5,
405.591,2.743e-4,2.743e-4,
405.596,8.566e-4,8.566e-4,
405.601,2.595e-3,2.595e-3,
405.606,7.626e-3,7.626e-3,
405.611,2.174e-2,2.174e-2,
405.616,6.013e-2,6.013e-2,
405.621,1.613e-1,1.613e-1,
405.626,4.198e-1,4.198e-1,
405.631,1.060e+0,1.060e+0,
405.636,2.596e+0,2.596e+0,
405.641,6.169e+0,6.169e+0,
405.646,1.422e+1,1.422e+1,
405.651,3.179e+1,3.179e+1,
405.656,6.896e+1,6.896e+1,
405.661,1.451e+2,1.451e+2,
405.666,2.962e+2,2.962e+2,
405.671,5.866e+2,5.866e+2,
405.676,1.127e+3,1.127e+3,
405.681,2.100e+3,2.100e+3,
405.686,3.797e+3,3.797e+3,
405.691,6.659e+3,6.659e+3,
405.696,1.133e+4,1.133e+4,
405.701,1.870e+4,1.870e+4,
405.706,2.993e+4,2.993e+4,
405.711,4.649e+4,4.649e+4,
405.716,7.005e+4,7.005e+4,
405.721,1.024e+5,1.024e+5,
405.727,1.551e+5,1.551e+5,
405.732,2.121e+5,2.121e+5,
405.737,2.813e+5,2.813e+5,
405.742,3.619e+5,3.619e+5,
405.747,4.518e+5,4.518e+5,
405.752,5.470e+5,5.470e+5,
405.757,6.425e+5,6.425e+5,
405.762,7.321e+5,7.321e+5,
405.767,8.093e+5,8.093e+5,
405.772,8.678e+5,8.678e+5,
405.777,9.028e+5,9.028e+5,
405.782,9.110e+5,9.110e+5,
405.787,8.919e+5,8.919e+5,
405.792,8.470e+5,8.470e+5,
405.797,7.803e+5,7.803e+5,
405.802,6.974e+5,6.974e+5,
405.807,6.046e+5,6.046e+5,
405.812,5.085e+5,5.085e+5,
405.817,4.149e+5,4.149e+5,
405.822,3.284e+5,3.284e+5,
405.827,2.522e+5,2.522e+5,
405.832,1.878e+5,1.878e+5,
405.837,1.357e+5,1.357e+5,
405.842,9.514e+4,9.514e+4,
405.847,6.470e+4,6.470e+4,
405.852,4.268e+4,4.268e+4,
405.857,2.731e+4,2.731e+4,
405.862,1.696e+4,1.696e+4,
405.867,1.021e+4,1.021e+4,
405.872,5.965e+3,5.965e+3,
405.877,3.381e+3,3.381e+3,
405.882,1.859e+3,1.859e+3,
405.887,9.914e+2,9.914e+2,
405.892,5.129e+2,5.129e+2,
405.897,2.575e+2,2.575e+2,
405.902,1.254e+2,1.254e+2,
405.907,5.921e+1,5.921e+1,
405.912,2.713e+1,2.713e+1,
405.917,1.206e+1,1.206e+1,
405.922,5.201e+0,5.201e+0,
405.927,2.176e+0,2.176e+0,
405.932,8.829e-1,8.829e-1,
405.937,3.476e-1,3.476e-1,
405.942,1.327e-1,1.327e-1,
405.947,4.918e-2,4.918e-2,
405.952,1.767e-2,1.767e-2,
405.957,6.162e-3,6.162e-3,
405.962,2.084e-3,2.084e-3,
405.967,6.838e-4,6.838e-4,
405.972,2.176e-4,2.176e-4,
405.977,6.720e-5,6.720e-5,
405.982,2.013e-5,2.013e-5,
405.987,5.854e-6,5.854e-6,
405.992,1.670e-6,1.670e-6,
405.997,5.303e-7,5.303e-7,
406.002,4.113e-7,4.113e-7,
406.007,1.069e-6,1.069e-6,
406.012,3.593e-6,3.593e-6,
406.017,1.201e-5,1.201e-5,
406.022,3.904e-5,3.904e-5,
406.027,1.231e-4,1.231e-4,
406.033,4.692e-4,4.692e-4,
406.038,1.384e-3,1.384e-3,
406.043,3.961e-3,3.961e-3,
406.048,1.100e-2,1.100e-2,
406.053,2.962e-2,2.962e-2,
406.058,7.741e-2,7.741e-2,
406.063,1.962e-1,1.962e-1,
406.068,4.826e-1,4.826e-1,
406.073,1.152e+0,1.152e+0,
406.078,2.666e+0,2.666e+0,
406.083,5.987e+0,5.987e+0,
406.088,1.304e+1,1.304e+1,
406.093,2.757e+1,2.757e+1,
406.098,5.654e+1,5.654e+1,
406.103,1.125e+2,1.125e+2,
406.108,2.171e+2,2.171e+2,
406.113,4.065e+2,4.065e+2,
406.118,7.384e+2,7.384e+2,
406.123,1.301e+3,1.301e+3,
406.128,2.225e+3,2.225e+3,
406.133,3.690e+3,3.690e+3,
406.138,5.938e+3,5.938e+3,
406.143,9.270e+3,9.270e+3,
406.148,1.404e+4,1.404e+4,
406.153,2.063e+4,2.063e+4,
406.158,2.941e+4,2.941e+4,
406.163,4.067e+4,4.067e+4,
406.168,5.457e+4,5.457e+4,
406.173,7.103e+4,7.103e+4,
406.178,8.969e+4,8.969e+4,
406.183,1.099e+5,1.099e+5,
406.188,1.306e+5,1.306e+5,
406.193,1.506e+5,1.506e+5,
406.198,1.685e+5,1.685e+5,
406.203,1.828e+5,1.828e+5,
406.208,1.925e+5,1.925e+5,
406.213,1.966e+5,1.966e+5,
406.218,1.948e+5,1.948e+5,
406.223,1.873e+5,1.873e+5,
406.228,1.747e+5,1.747e+5,
406.233,1.581e+5,1.581e+5,
406.238,1.388e+5,1.388e+5,
406.243,1.182e+5,1.182e+5,
406.248,9.764e+4,9.764e+4,
406.253,7.826e+4,7.826e+4,
406.258,6.086e+4,6.086e+4,
406.263,4.591e+4,4.591e+4,
406.268,3.360e+4,3.360e+4,
406.273,2.386e+4,2.386e+4,
406.278,1.644e+4,1.644e+4,
406.283,1.098e+4,1.098e+4,
406.288,7.122e+3,7.122e+3,
406.293,4.480e+3,4.480e+3,
406.298,2.734e+3,2.734e+3,
406.303,1.618e+3,1.618e+3,
406.308,9.296e+2,9.296e+2,
406.313,5.180e+2,5.180e+2,
406.318,2.800e+2,2.800e+2,
406.323,1.468e+2,1.468e+2,
406.328,7.471e+1,7.471e+1,
406.333,3.688e+1,3.688e+1,
406.339,1.519e+1,1.519e+1,
406.344,7.013e+0,7.013e+0,
406.349,3.142e+0,3.142e+0,
406.354,1.365e+0,1.365e+0,
406.359,5.757e-1,5.757e-1,
406.364,2.355e-1,2.355e-1,
406.369,9.346e-2,9.346e-2,
406.374,3.598e-2,3.598e-2,
406.379,1.344e-2,1.344e-2,
406.384,4.870e-3,4.870e-3,
406.389,1.712e-3,1.712e-3,
406.394,5.840e-4,5.840e-4,
406.399,1.932e-4,1.932e-4,
406.404,6.203e-5,6.203e-5,
406.409,1.932e-5,1.932e-5,
406.414,5.836e-6,5.836e-6,
406.419,1.711e-6,1.711e-6,
406.424,4.864e-7,4.864e-7,
406.429,1.342e-7,1.342e-7,
406.434,3.592e-8,3.592e-8,
406.439,9.326e-9,9.326e-9,
406.444,2.349e-9,2.349e-9,
406.449,5.741e-10,5.741e-10,
406.454,1.361e-10,1.361e-10,
406.459,3.131e-11,3.131e-11,
406.464,6.986e-12,6.986e-12,
406.469,1.512e-12,1.512e-12,
406.474,3.177e-13,3.177e-13,
406.479,6.473e-14,6.473e-14,
406.484,1.280e-14,1.280e-14,
406.489,2.454e-15,2.454e-15,
406.494,4.565e-16,4.565e-16,
406.499,8.241e-17,8.241e-17,
406.504,1.443e-17,1.443e-17,
406.509,2.451e-18,2.451e-18,
406.514,4.040e-19,4.040e-19,
406.519,6.461e-20,6.461e-20,
406.524,1.002e-20,1.002e-20,
406.529,1.508e-21,1.508e-21,
406.534,2.202e-22,2.202e-22,
406.539,3.119e-23,3.119e-23,
406.544,4.286e-24,4.286e-24,
406.549,5.714e-25,5.714e-25,
406.554,7.390e-26,7.390e-26,
500.145,1.379e-23,1.379e-23,
500.15,6.656e-23,6.656e-23,
500.155,3.151e-22,3.151e-22,
500.16,1.462e-21,1.462e-21,
500.165,6.649e-21,6.649e-21,
500.17,2.964e-20,2.964e-20,
500.175,1.295e-19,1.295e-19,
500.18,5.549e-19,5.549e-19,
500.185,2.330e-18,2.330e-18,
500.19,9.592e-18,9.592e-18,
500.195,3.870e-17,3.870e-17,
500.2,1.531e-16,1.531e-16,
500.205,5.935e-16,5.935e-16,
500.21,2.255e-15,2.255e-15,
500.215,8.402e-15,8.402e-15,
500.22,3.068e-14,3.068e-14,
500.225,1.098e-13,1.098e-13,
500.23,3.854e-13,3.854e-13,
500.236,1.693e-12,1.693e-12,
500.241,5.685e-12,5.685e-12,
500.246,1.871e-11,1.871e-11,
500.251,6.038e-11,6.038e-11,
500.256,1.910e-10,1.910e-10,
500.261,5.921e-10,5.921e-10,
500.266,1.800e-9,1.800e-9,
500.271,5.361e-9,5.361e-9,
500.276,1.566e-8,1.566e-8,
500.281,4.482e-8,4.482e-8,
500.286,1.258e-7,1.258e-7,
500.291,3.459e-7,3.459e-7,
500.296,9.326e-7,9.326e-7,
500.301,2.465e-6,2.465e-6,
500.306,6.386e-6,6.386e-6,
500.311,1.622e-5,1.622e-5,
500.316,4.037e-5,4.037e-5,
500.321,9.851e-5,9.851e-5,
500.326,2.356e-4,2.356e-4,
500.331,5.525e-4,5.525e-4,
500.336,1.270e-3,1.270e-3,
500.341,2.861e-3,2.861e-3,
500.346,6.318e-3,6.318e-3,
500.351,1.368e-2,1.368e-2,
500.356,2.902e-2,2.902e-2,
500.361,6.037e-2,6.037e-2,
500.366,1.231e-1,1.231e-1,
500.371,2.460e-1,2.460e-1,
500.376,4.820e-1,4.820e-1,
500.381,9.257e-1,9.257e-1,
500.386,1.743e+0,1.743e+0,
500.391,3.216e+0,3.216e+0,
500.396,5.817e+0,5.817e+0,
500.401,1.031e+1,1.031e+1,
500.406,1.793e+1,1.793e+1,
500.411,3.055e+1,3.055e+1,
500.416,5.101e+1,5.101e+1,
500.421,8.352e+1,8.352e+1,
500.426,1.340e+2,1.340e+2,
500.431,2.108e+2,2.108e+2,
500.436,3.251e+2,3.251e+2,
500.441,4.914e+2,4.914e+2,
500.446,7.280e+2,7.280e+2,
500.451,1.057e+3,1.057e+3,
500.456,1.505e+3,1.505e+3,
500.461,2.101e+3,2.101e+3,
500.466,2.874e+3,2.874e+3,
500.471,3.854e+3,3.854e+3,
500.476,5.065e+3,5.065e+3,
500.481,6.526e+3,6.526e+3,
500.486,8.243e+3,8.243e+3,
500.491,1.020e+4,1.020e+4,
500.496,1.238e+4,1.238e+4,
500.501,1.473e+4,1.473e+4,
500.506,1.718e+4,1.718e+4,
500.511,1.964e+4,1.964e+4,
500.516,2.200e+4,2.200e+4,
500.521,2.417e+4,2.417e+4,
500.526,2.602e+4,2.602e+4,
500.531,2.746e+4,2.746e+4,
500.536,2.841e+4,2.841e+4,
500.542,2.882e+4,2.882e+4,
500.547,2.853e+4,2.853e+4,
500.552,2.769e+4,2.769e+4,
500.557,2.634e+4,2.634e+4,
500.562,2.457e+4,2.457e+4,
500.567,2.246e+4,2.246e+4,
500.572,2.012e+4,2.012e+4,
500.577,1.767e+4,1.767e+4,
500.582,1.522e+4,1.522e+4,
500.587,1.284e+4,1.284e+4,
500.592,1.062e+4,1.062e+4,
500.597,8.616e+3,8.616e+3,
500.602,6.849e+3,6.849e+3,
500.607,5.337e+3,5.337e+3,
500.612,4.077e+3,4.077e+3,
500.617,3.052e+3,3.052e+3,
500.622,2.240e+3,2.240e+3,
500.627,1.612e+3,1.612e+3,
500.632,1.137e+3,1.137e+3,
500.637,7.857e+2,7.857e+2,
500.642,5.324e+2,5.324e+2,
500.647,3.537e+2,3.537e+2,
500.652,2.303e+2,2.303e+2,
500.657,1.470e+2,1.470e+2,
500.662,9.195e+1,9.195e+1,
500.667,5.639e+1,5.639e+1,
500.672,3.390e+1,3.390e+1,
500.677,1.998e+1,1.998e+1,
500.682,1.154e+1,1.154e+1,
500.687,6.534e+0,6.534e+0,
500.692,3.626e+0,3.626e+0,
500.697,1.973e+0,1.973e+0,
500.702,1.052e+0,1.052e+0,
500.707,5.501e-1,5.501e-1,
500.712,2.819e-1,2.819e-1,
500.717,1.416e-1,1.416e-1,
500.722,6.973e-2,6.973e-2,
500.727,3.365e-2,3.365e-2,
500.732,1.592e-2,1.592e-2,
500.737,7.385e-3,7.385e-3,
500.742,3.357e-3,3.357e-3,
500.747,1.496e-3,1.496e-3,
500.752,6.536e-4,6.536e-4,
500.757,2.799e-4,2.799e-4,
500.762,1.175e-4,1.175e-4,
500.767,4.833e-5,4.833e-5,
500.772,1.949e-5,1.949e-5,
500.777,7.707e-6,7.707e-6,
500.782,2.987e-6,2.987e-6,
500.787,1.135e-6,1.135e-6,
500.792,4.225e-7,4.225e-7,
500.797,1.542e-7,1.542e-7,
500.802,5.518e-8,5.518e-8,
500.807,1.935e-8,1.935e-8,
500.812,6.653e-9,6.653e-9,
500.817,2.242e-9,2.242e-9,
500.822,7.407e-10,7.407e-10,
500.827,2.399e-10,2.399e-10,
500.832,7.614e-11,7.614e-11,
500.837,2.369e-11,2.369e-11,
500.842,7.226e-12,7.226e-12,
500.848,1.693e-12,1.693e-12,
500.853,4.942e-13,4.942e-13,
500.858,1.414e-13,1.414e-13,
500.863,3.966e-14,3.966e-14,
500.868,1.090e-14,1.090e-14,
500.873,2.939e-15,2.939e-15,
500.878,7.763e-16,7.763e-16,
500.883,2.010e-16,2.010e-16,
500.888,5.103e-17,5.103e-17,
500.893,1.270e-17,1.270e-17,
500.898,3.097e-18,3.097e-18,
500.903,7.406e-19,7.406e-19,
500.908,1.736e-19,1.736e-19,
500.913,3.988e-20,3.988e-20,
500.918,8.980e-21,8.980e-21,
500.923,1.982e-21,1.982e-21,
500.928,4.289e-22,4.289e-22,
500.933,9.099e-23,9.099e-23,
500.938,1.892e-23,1.892e-23,
519.734,1.663e-23,1.663e-23,
519.739,7.500e-23,7.500e-23,
519.744,3.320e-22,3.320e-22,
519.749,1.443e-21,1.443e-21,
519.754,6.156e-21,6.156e-21,
519.759,2.578e-20,2.578e-20,
519.764,1.060e-19,1.060e-19,
519.769,4.279e-19,4.279e-19,
519.774,1.695e-18,1.695e-18,
519.779,6.595e-18,6.595e-18,
519.784,2.518e-17,2.518e-17,
519.789,9.440e-17,9.440e-17,
519.794,3.474e-16,3.474e-16,
519.799,1.255e-15,1.255e-15,
519.804,4.451e-15,4.451e-15,
519.809,1.549e-14,1.549e-14,
519.815,6.756e-14,6.756e-14,
519.82,2.258e-13,2.258e-13,
519.825,7.411e-13,7.411e-13,
519.83,2.388e-12,2.388e-12,
519.835,7.550e-12,7.550e-12,
519.84,2.344e-11,2.344e-11,
519.845,7.144e-11,7.144e-11,
519.85,2.137e-10,2.137e-10,
519.855,6.278e-10,6.278e-10,
519.86,1.810e-9,1.810e-9,
519.865,5.124e-9,5.124e-9,
519.87,1.424e-8,1.424e-8,
519.875,3.884e-8,3.884e-8,
519.88,1.040e-7,1.040e-7,
519.885,2.734e-7,2.734e-7,
519.89,7.056e-7,7.056e-7,
519.895,1.788e-6,1.788e-6,
519.9,4.446e-6,4.446e-6,
519.905,1.086e-5,1.086e-5,
519.91,2.602e-5,2.602e-5,
519.915,6.122e-5,6.122e-5,
519.92,1.414e-4,1.414e-4,
519.925,3.207e-4,3.207e-4,
519.93,7.138e-4,7.138e-4,
519.935,1.560e-3,1.560e-3,
519.94,3.346e-3,3.346e-3,
519.945,7.047e-3,7.047e-3,
519.95,1.457e-2,1.457e-2,
519.955,2.957e-2,2.957e-2,
519.96,5.891e-2,5.891e-2,
519.965,1.152e-1,1.152e-1,
519.97,2.213e-1,2.213e-1,
519.975,4.170e-1,4.170e-1,
519.98,7.717e-1,7.717e-1,
519.985,1.402e+0,1.402e+0,
519.99,2.500e+0,2.500e+0,
519.995,4.376e+0,4.376e+0,
520,7.521e+0,7.521e+0,
520.005,1.269e+1,1.269e+1,
520.01,2.101e+1,2.101e+1,
520.015,3.417e+1,3.417e+1,
520.02,5.454e+1,5.454e+1,
520.025,8.545e+1,8.545e+1,
520.03,1.314e+2,1.314e+2,
520.035,1.985e+2,1.985e+2,
520.04,2.942e+2,2.942e+2,
520.045,4.281e+2,4.281e+2,
520.05,6.116e+2,6.116e+2,
520.055,8.578e+2,8.578e+2,
520.06,1.181e+3,1.181e+3,
520.065,1.596e+3,1.596e+3,
520.07,2.118e+3,2.118e+3,
520.075,2.758e+3,2.758e+3,
520.08,3.527e+3,3.527e+3,
520.085,4.427e+3,4.427e+3,
520.09,5.455e+3,5.455e+3,
520.095,6.599e+3,6.599e+3,
520.1,7.836e+3,7.836e+3,
520.105,9.135e+3,9.135e+3,
520.11,1.045e+4,1.045e+4,
520.115,1.175e+4,1.175e+4,
520.121,1.318e+4,1.318e+4,
520.126,1.422e+4,1.422e+4,
520.131,1.506e+4,1.506e+4,
520.136,1.565e+4,1.565e+4,
520.141,1.597e+4,1.597e+4,
520.146,1.600e+4,1.600e+4,
520.151,1.574e+4,1.574e+4,
520.156,1.520e+4,1.520e+4,
520.161,1.440e+4,1.440e+4,
520.166,1.340e+4,1.340e+4,
520.171,1.224e+4,1.224e+4,
520.176,1.098e+4,1.098e+4,
520.181,9.663e+3,9.663e+3,
520.186,8.351e+3,8.351e+3,
520.191,7.084e+3,7.084e+3,
520.196,5.900e+3,5.900e+3,
520.201,4.823e+3,4.823e+3,
520.206,3.871e+3,3.871e+3,
520.211,3.050e+3,3.050e+3,
520.216,2.359e+3,2.359e+3,
520.221,1.791e+3,1.791e+3,
520.226,1.335e+3,1.335e+3,
520.231,9.770e+2,9.770e+2,
520.236,7.018e+2,7.018e+2,
520.241,4.949e+2,4.949e+2,
520.246,3.426e+2,3.426e+2,
520.251,2.328e+2,2.328e+2,
520.256,1.553e+2,1.553e+2,
520.261,1.017e+2,1.017e+2,
520.266,6.541e+1,6.541e+1,
520.271,4.129e+1,4.129e+1,
520.276,2.558e+1,2.558e+1,
520.281,1.556e+1,1.556e+1,
520.286,9.292e+0,9.292e+0,
520.291,5.447e+0,5.447e+0,
520.296,3.134e+0,3.134e+0,
520.301,1.771e+0,1.771e+0,
520.306,9.820e-1,9.820e-1,
520.311,5.346e-1,5.346e-1,
520.316,2.857e-1,2.857e-1,
520.321,1.499e-1,1.499e-1,
520.326,7.722e-2,7.722e-2,
520.331,3.904e-2,3.904e-2,
520.336,1.938e-2,1.938e-2,
520.341,9.444e-3,9.444e-3,
520.346,4.517e-3,4.517e-3,
520.351,2.121e-3,2.121e-3,
520.356,9.780e-4,9.780e-4,
520.361,4.426e-4,4.426e-4,
520.366,1.966e-4,1.966e-4,
520.371,8.576e-5,8.576e-5,
520.376,3.672e-5,3.672e-5,
520.381,1.543e-5,1.543e-5,
520.386,6.368e-6,6.368e-6,
520.391,2.579e-6,2.579e-6,
520.396,1.026e-6,1.026e-6,
520.401,4.004e-7,4.004e-7,
520.406,1.534e-7,1.534e-7,
520.411,5.772e-8,5.772e-8,
520.416,2.132e-8,2.132e-8,
520.422,6.295e-9,6.295e-9,
520.427,2.232e-9,2.232e-9,
520.432,7.771e-10,7.771e-10,
520.437,2.655e-10,2.655e-10,
520.442,8.908e-11,8.908e-11,
520.447,2.934e-11,2.934e-11,
520.452,9.485e-12,9.485e-12,
520.457,3.010e-12,3.010e-12,
520.462,9.379e-13,9.379e-13,
520.467,2.869e-13,2.869e-13,
520.472,8.613e-14,8.613e-14,
520.477,2.539e-14,2.539e-14,
520.482,7.346e-15,7.346e-15,
520.487,2.087e-15,2.087e-15,
520.492,5.820e-16,5.820e-16,
520.497,1.593e-16,1.593e-16,
520.502,4.282e-17,4.282e-17,
520.507,1.130e-17,1.130e-17,
520.512,2.925e-18,2.925e-18,
520.517,7.438e-19,7.438e-19,
520.522,1.857e-19,1.857e-19,
520.527,4.549e-20,4.549e-20,
520.532,1.094e-20,1.094e-20,
520.537,2.584e-21,2.584e-21,
520.542,5.989e-22,5.989e-22,
520.547,1.363e-22,1.363e-22,
520.552,3.045e-23,3.045e-23,
